CRIM,ZN,INDUS,CHAS,NOX,RM,AGE,DIS,RAD,TAX,PTRATIO,B,LSTAT
11.3,0,25.08,0,0.76,6.6,111.77,0.78,24,598.56,17.43,362.79,12.42
-7.97,0,12.96,1,0.68,6.28,87.22,3.14,24,450.92,16.58,402.21,13.69
-9.01,0,3.37,0,0.58,7.27,48.22,4.63,3,296.18,17.1,357.4,3.75
-2.2,0,19.14,0,0.54,5.47,58.88,2.37,3,445.28,21.51,374.54,16.78
5.63,0,18.21,0,0.67,6.17,114.02,2.33,4,500.39,19.11,265.51,23.87
-6.75,0,15.3,0,0.56,5.87,64.21,2.97,2,377.02,16.18,507.85,8.41
1.24,0,8.38,0,0.47,5.1,88.22,3.55,4,223.58,20.71,466.93,14.11
2.39,0,6.09,0,0.61,5.6,72.14,4.31,5,386.64,19.78,225.12,14.79
-2.3,0,11.04,0,0.46,6.92,40.31,6.98,3,270.96,17.79,369.93,12.75
8.89,0,10.23,0,0.55,6.67,67.17,1.99,8,396.1,17.72,273.17,8.66
4.96,0,6.28,0,0.48,6.73,45.48,5.8,6,221.5,17.59,291.89,3.83
-16.04,40,11.15,0,0.53,5.8,28.4,2.19,4,192.38,16.55,389.14,2.03
1.44,0,7.18,1,0.59,6.77,49.01,5.41,4,243.82,18.22,384.57,12.63
0.36,0,19.51,0,0.65,6.46,150.75,0.46,24,584.03,18.01,282.39,24.4
-6.56,0,12.87,0,0.58,5.74,50.77,5.56,5,491.21,20.02,255.37,15.79
14.07,0,26.4,0,0.78,5.85,115.68,-0.03,24,675.97,19.18,193.59,30.7
-3.18,20,1.64,0,0.44,6.96,27.41,7.72,4,454.59,18.1,220.58,6.2
3.59,0,14.5,0,0.64,5.74,74.47,5.17,5,418.13,16.09,336.87,17.48
-15.8,45,3.52,0,0.42,6.46,54.67,5.73,1,199.96,16.23,434.25,5
5.4,0,11.54,0,0.64,6.16,57.23,4.11,24,464.15,22.93,176.82,8.7
8.9,0,-1.49,1,0.56,6.74,47.02,6.03,24,373.78,16.52,257.5,10.51
6.62,0,12.51,1,0.82,5.74,112.83,0.98,24,542.26,18.95,291.54,18.52
-8.24,0,13.85,0,0.6,5.54,127.26,1.87,4,262.74,16.49,247.13,10.56
-2.88,25,1.29,0,0.57,5.79,56.71,5.72,4,187.7,15.09,479.57,12.86
4.71,34,3.96,0,0.49,7.14,77.8,4.08,24,506.41,16.53,340.07,9.05
9.66,0,13.35,0,0.59,6.56,103.78,3.21,24,545.08,21.76,161.97,23.07
9.51,0,-1.43,0,0.44,5.34,85.74,4.87,5,181.08,20.55,396.79,22.36
13.15,0,11.34,0,0.54,7.67,96.97,3.91,6,404.43,19.5,517.75,20.29
10.21,0,20.01,0,0.75,6.1,95.86,0.9,8,660.77,23.14,406.2,18.92
9.43,0,13.02,0,0.52,5.96,61.11,3.76,5,468.61,22.04,329.67,14.54
-13.09,28,9.57,0,0.44,7,39.58,6.81,3,268.74,18.06,395.45,10.34
4.69,0,19.71,0,0.76,5.64,97.69,1.59,24,685,20.39,373.9,19.42
-7.29,80,1.06,0,0.26,5.77,5.82,8.97,1,101.92,17.89,536.68,0.12
13.31,0,19.44,0,0.59,5.78,88.88,3.6,24,587.98,21.83,367.85,24.34
-13.43,95,-8.71,0,0.3,7.73,23.54,7.44,1,15.91,14.72,365.89,1.56
-5.14,85,1.85,0,0.33,6.19,23.54,8.8,4,173.73,17.68,451.2,5.78
8.25,0,16.17,0,0.69,5.71,115.7,-1.48,24,659.42,21.53,348.36,17.62
7.79,0,7.83,0,0.55,6.06,59.72,4.09,4,158.63,15.38,358.93,12.76
1.66,0,20.93,0,0.76,6.65,108.52,-0.93,24,682.35,17.52,421.45,13.38
-7.61,25,2.25,0,0.48,7.14,48.46,5.9,2,246.69,18.76,498.73,8.07
-10.46,40,4.28,0,0.4,6.2,17.94,6.75,3,128.01,15.87,329.84,5.73
-7.79,0,16.56,0,0.59,5.85,105.39,0.5,4,324.16,20.98,451.26,19.7
4.91,35,1.9,0,0.43,6.09,64.57,5.84,4,289.43,16.93,588.77,15.58
-5.27,0,16.74,0,0.62,6.78,97.45,3.28,5,469.19,18.45,367.15,11.88
-2.65,0,11.85,0,0.59,6.66,67.69,2.8,5,353.88,17.43,340.93,7.2
-8.37,52.5,-0.04,0,0.34,5.89,24.27,7.33,1,39.23,17.81,515.43,10.07
-17.94,0,9.89,0,0.43,5.51,86.97,4.18,1,73.63,19.27,459.94,15.26
-1.2,0,14.61,0,0.62,6.24,101.56,1.61,24,608.55,20.86,323.64,21.21
-3.82,0,15.7,0,0.63,6.62,71.54,3.64,24,571.43,17.05,327.27,16.41
-9.11,25,9.01,0,0.52,6.47,64.51,6.05,3,301.18,15.85,472.77,5.85
-3.15,30,-1.34,0,0.33,7.54,-6.35,7.69,1,-6.76,14.61,366.25,-2.51
-9.38,80,7.79,0,0.43,6.63,46.87,7.46,5,345.36,17.75,360.76,8.15
5.09,12.5,6.35,0,0.63,7.38,56.1,5.46,24,495.61,16.19,324.38,6.11
-5.05,0,11.59,0,0.68,5.88,96.26,2.44,5,431.04,17.4,365.62,9.73
8.18,0,20.35,0,0.75,6.34,102.29,-0.77,24,579.93,18.12,412.31,21.81
7.83,0,19.04,0,0.64,5.62,62.11,5.46,24,682.53,21.58,201.19,15.84
4.26,0,14.29,1,0.57,7.42,59.51,2.39,4,342.61,16.95,411.81,1.11
-6.72,0,12.51,0,0.6,5.12,60.21,3.89,6,353.91,16.7,368.78,20.86
-4.37,0,12.2,0,0.46,5.06,55.47,2.52,3,302.31,21.44,648.23,17.34
2.37,0,12.4,0,0.62,6.3,61.69,3.29,4,494.1,17.72,279.89,12.69
17.6,0,24.85,0,0.65,4.66,112.25,1,24,607.77,23.71,233.79,25.43
-4.86,33,0.6,0,0.36,6.64,27.32,8.63,1,45.93,19.76,502.89,4.93
8.03,0,14.2,0,0.58,6.67,79.57,2.92,7,552.06,17.93,296.12,16.93
-6.46,12.5,9.23,0,0.53,6.4,39.9,4.6,24,354.49,19.73,359.99,6.03
9.87,0,22.17,1,0.76,6.1,108.72,-0.36,24,640.98,18.39,281.57,13.42
1.06,0,10.53,0,0.53,6.04,63.2,2.64,4,381.28,19.22,402.21,7.84
7.2,55,3.13,0,0.38,7.12,43.33,6.77,5,320.71,16.79,389.68,11.02
9.62,0,17.2,0,0.68,5.91,103.54,1.81,24,711.73,23.41,327.09,21.34
8.37,0,11.38,0,0.53,5.22,99.61,3.16,4,375.8,19.01,428.66,22.32
-13.64,70,1.62,0,0.37,8.1,24.39,6.34,1,-21.86,14.54,365.06,1.21
1.05,0,1.89,0,0.45,6.97,82.79,6.39,3,134.73,18.29,377.98,6.16
-7.74,45,3.53,0,0.41,5.83,35.58,7.59,4,284.96,18.51,471.03,6.52
17.95,0,20.18,0,0.69,7.1,74.71,1.67,24,833.89,21.53,192.35,14.99
0.54,0,13.62,0,0.62,5.59,88.29,3.62,3,234.75,17.85,331.83,19.21
15.96,0,18.8,0,0.75,6.12,102.33,-0.65,24,587.52,17.27,234.39,8.07
7.19,34,2.91,0,0.37,6.59,16.88,6.51,4,283.59,16.84,385.8,6.71
4.46,0,10.19,0,0.5,6.38,53.41,4.54,5,482.58,22.74,484.06,8.42
11.13,21,9.53,0,0.5,6.46,56.39,4.59,24,447.4,16.5,402.54,9.2
-2.63,60,-0.26,0,0.39,6.89,16.15,7.96,4,159.8,16.47,362.45,3.35
-10.15,30,8.29,1,0.53,5.97,25.63,5.02,4,436.28,15.79,493.4,8.78
1.84,0,21.74,1,0.75,5.57,136.69,-0.27,5,611.82,17.52,434.05,19.97
-12.54,75,-6.19,0,0.24,6.53,-9.14,7.89,1,-44.99,18.05,458.79,0.25
7.79,0,19.99,0,0.72,5.54,146.3,0.31,7,430.51,22.14,191.1,32.57
24.41,0,30.37,1,0.87,6.66,86.88,0.11,24,677.72,20.26,143.75,17.12
4.07,0,2.28,0,0.38,6.55,50.92,5.94,5,334.37,18.9,326.78,18.36
-0.94,0,16.33,0,0.56,6.54,53.68,4.99,4,395.79,19.93,309.84,5.77
-10.59,0,11.24,0,0.65,4.99,93.44,4.44,5,517.25,16.47,332.42,32.01
11.14,0,2.48,0,0.33,6.23,68.57,5.84,5,337.59,20.28,271.89,11.71
-4.1,22,4.72,0,0.56,6.15,57.09,4.66,5,239.2,13.74,352.19,15.47
18.26,0,8.85,0,0.69,6.38,50.24,4.04,24,538.12,17.51,339.52,14.02
-0.33,0,15.07,0,0.65,5.57,86.92,3.05,6,483.04,19.54,335.32,14.46
0.45,30,9.93,0,0.53,6.67,36.1,5.32,24,388.28,17.84,343.86,7.93
-3.19,0,9.02,0,0.49,6.18,78.61,5.93,4,397.3,17.64,498.81,12.43
-9.05,20,17.06,0,0.47,6.47,44.11,3.23,4,464.24,17.28,439.38,15.8
5.61,0,6.25,0,0.52,6.5,61.35,3.15,4,306.93,16.3,480.32,8.05
19.16,0,21.13,0,0.82,6.35,115.67,1.72,24,745.47,18.07,103.26,23.35
-2.4,0,12.03,1,0.52,5.78,47.02,3.67,5,282.3,17.93,311.26,10.48
19.37,0,21.92,0,0.83,5.09,117.33,-0.01,24,567.18,17.79,293.09,21.08
-1.63,0,8.69,0,0.53,6.53,62.79,4.82,4,329.43,18.11,416.73,8.28
-8.11,100,-8.49,0,0.26,6.99,5.25,9.41,3,-21.74,13.22,467.72,-5.09
-9.96,0,12.2,0,0.48,6.16,41,6.03,2,379.32,19.42,396.55,12.92
5.94,0,16.19,0,0.62,6.63,72.29,2.78,5,520.73,21.39,252.15,9.67
-6.63,0,4.76,0,0.45,5.49,28.94,5.2,2,236.63,19.58,478.17,13.83
0.45,12.5,0.53,0,0.45,6.7,37.76,6.5,6,275.3,17.54,214.61,8.1
14.96,0,11.47,0,0.66,5.94,84.93,3.95,24,500.9,19.84,354.33,21.63
7,22,5.84,0,0.53,6.43,74.96,4.01,24,244.95,16.55,254.74,5.49
-8.41,40,-0.07,0,0.35,6.2,57.49,6.15,3,111.69,19.1,400.75,15.93
3.63,45,4.2,0,0.38,7.3,46.03,4.06,4,176.06,15.18,398.4,3.28
0.21,30,7.69,0,0.46,6.54,66.61,4.76,7,488.3,18.4,365.64,9.65
7.38,0,17.21,0,0.73,6.5,116.91,2.38,24,451.15,20.61,187.47,19.43
1.76,0,10.36,0,0.69,6.27,105.79,0.36,5,400.03,17.06,359.15,15.14
-4.15,0,15.8,0,0.72,5.77,81.65,2.98,3,199.22,14.16,449.39,20.58
0.81,33,7.87,0,0.47,6.8,75.97,3.8,5,425.79,17.34,405.54,8.14
-7.79,0,16.74,0,0.54,5.96,84.71,3.37,3,461.74,18.74,424.36,13.29
3.54,0,8.9,0,0.57,5.7,52.04,5.3,5,324.96,19.28,361.37,12.81
-5.39,0,15.93,0,0.49,5.88,71.51,1.83,1,203.46,18.81,437.04,7.84
0.91,0,9.88,0,0.62,6.13,60.54,4.86,24,580.48,19.57,172.05,4.28
4.19,0,7.29,0,0.49,7.07,66.3,3.96,4,335.78,19.23,446.13,8.6
-0.26,0,6.85,0,0.48,6.14,59.59,4.71,4,120.96,17.54,374.57,10.06
6.69,0,18.54,0,0.68,5.91,98.41,2.8,5,438.35,17.47,391.37,17.92
-0.07,60,9.73,0,0.54,6.97,63.74,3.82,24,427.44,18.97,545.88,3.23
3.71,0,17.63,0,0.56,5.76,112.73,2.34,5,427.83,22.93,227.11,22.41
10.83,0,13.38,0,0.64,6.96,86.37,1.97,5,345.72,16.2,384.48,13.9
-3.85,35,5.6,0,0.47,5.68,82.15,2.69,6,444.58,18.12,405.17,13.38
9.94,0,5.01,0,0.62,6.76,111.72,2.57,5,233.09,19.36,325.09,8.19
-15.74,45,2.29,0,0.48,6.33,66.33,3.98,3,168.02,19.32,407.68,4.47
9.81,0,12.57,0,0.54,6.87,55.66,4.02,24,387.67,17.73,335.3,7.96
22.23,0,17.82,0,0.76,5,82.75,2.18,24,641.2,21.14,374.35,31.19
2.96,0,16.15,0,0.75,5.8,97.36,3.23,24,431.64,16.36,307.2,15.95
8.5,0,4.8,0,0.42,7.26,34.21,5.94,4,420.96,19.28,408.91,4.29
-6.92,22,5.52,0,0.57,6.61,52.67,3.02,4,423.71,17.57,416.37,3.13
10.47,0,19.81,0,0.68,6.09,89.42,2.98,24,565.83,21.4,337.8,12.86
-7.46,90,2.6,0,0.38,7.94,40.45,5.62,3,135.83,13.41,453.08,2.81
4.23,0,14.34,0,0.45,6.05,39.16,4.02,4,373.29,20.95,342.17,6.49
4.1,0,15.34,0,0.55,5.85,84.84,1.28,24,381.91,20.44,237.95,21.41
-1.99,0,12.06,0,0.49,5.51,57.45,4.94,4,529.38,21.74,358.86,12.35
-1.94,0,8.84,0,0.57,6.38,94.78,2.77,5,374.82,16.65,358.15,7.25
18.77,0,18.88,0,0.61,5.7,68.6,2.37,24,688.48,20.09,368.32,17.55
3.18,0,14.46,1,0.47,6.11,73.74,1.85,24,394.28,18.1,322.14,10.91
5.01,0,5.05,0,0.45,7.83,62.82,3.02,4,268.35,20.07,388.85,1.23
-7.61,70,4.02,0,0.54,7.29,14.58,5.03,4,15.49,11.5,436.84,-3.37
4.46,20,4.29,0,0.49,7.55,1.24,5.5,8,473.18,17.26,319.86,2.64
5.07,0,25.04,0,0.76,5.98,118.73,0.85,4,562.35,19.71,268.82,17.17
3.93,0,18.41,0,0.66,5.92,107.09,2.18,5,458.09,21.18,349.62,19.41
1.46,0,7.48,0,0.45,6.63,5.9,5.68,5,314.11,21.01,507.13,4.79
3.96,45,-3.26,0,0.45,7.13,54.19,4.77,4,135.47,13.56,398.09,4.91
7.72,0,13.98,0,0.58,6.58,59.64,2.1,6,464.99,18.9,329.64,7.99
-4.63,80,-3.12,0,0.27,7.34,9.19,6.93,2,16.58,18.12,426.18,1.53
-9.92,55,10.92,0,0.37,7.4,7.35,6.79,3,236.97,16.93,406.82,2.62
5.09,0,22.59,0,0.71,5.8,83.21,0.94,24,735.53,19.92,290.44,15.89
-1.57,0,11.62,1,0.56,7.36,61.89,4.44,5,316.96,17.12,346.06,9.31
11.89,0,17.4,0,0.64,5.97,110.85,1.93,24,614.31,19.09,169.72,24.49
-2.24,12.5,12.64,0,0.48,6.13,32.63,6.01,4,375.66,17.45,438.99,8.73
-9.94,0,13.63,1,0.57,5.86,83.81,4.51,5,291.98,15.08,407.58,16
-6.88,30,12.01,1,0.53,6.91,88.57,1.17,5,447.49,18.48,611.55,3.82
5.54,25,7.65,0,0.51,7.14,54.31,4.57,8,371.76,16.7,408.67,8.24
-7.6,20,1.83,0,0.46,6.78,50.35,5.26,4,281.89,18.35,310.35,6.74
13.34,0,13.89,0,0.5,5.96,59.48,3.92,8,368.93,16.05,355.35,13.81
10.25,0,13.67,0,0.64,6.68,54.62,3.37,24,596.55,14.94,277.33,12.76
11.62,0,16.11,0,0.47,5.32,48.57,3.81,24,419.03,22.46,193.88,21.68
0.45,80,0.13,0,0.34,6.42,11.64,7.53,4,189.46,15.24,399.62,-0.23
-1.8,0,11.93,1,0.53,8.03,77.11,4.24,4,415.7,15.37,443.3,4.01
7.11,0,14.17,0,0.6,5.86,59.05,2.88,24,420.31,18.17,325.14,14.36
2.44,0,17.24,0,0.59,5.77,107.19,0.69,4,311.71,18.93,361.98,11.71
6.03,0,13.16,0,0.59,5.7,51.87,4.8,5,480.66,17.86,303.94,15.18
7.96,0,22.51,0,0.66,5.92,74.7,-1.53,24,632.83,22.63,343.54,18.11
1.29,0,5.46,0,0.46,7.29,54.52,4.71,1,209.39,17.18,308.53,6.13
-7.82,12.5,10.28,1,0.6,7.38,61.72,2.69,6,437.57,18.07,441.73,4.25
3.08,0,23.82,0,0.61,6.66,94.1,1.99,8,663.26,22.62,330.96,11.39
0.95,0,4.59,0,0.54,6.42,78.93,3.99,4,320.85,13.75,273.13,3.49
-3.05,0,3.73,0,0.56,6.35,49.63,6.51,2,59.99,14.66,432.8,8.57
4.45,22,6.46,0,0.47,6.52,37.5,5.67,24,422.9,18.56,433.43,9.31
13.87,12.5,5.88,0,0.48,5.8,46.27,6.92,5,245.94,15.97,463.84,9.55
4.34,0,10.96,0,0.59,6.82,73.89,2.95,5,375.78,18.49,384.9,7.47
5.76,0,11.65,0,0.61,6.22,36.6,5.08,8,547.21,16.16,354.06,10.07
7.89,0,3.95,0,0.43,6.21,47.35,4.52,5,350.54,21.45,270.18,7.63
-2.56,0,11.51,0,0.61,6.85,89.35,0.86,5,292.16,18.12,307.04,4.32
0.44,33,8.35,0,0.42,7.25,53.28,5.37,5,222.6,16.26,395.89,2.6
-11.49,40,-0.57,0,0.36,6.72,57.63,5.91,1,-51.96,18.5,475.34,2.5
11.45,0,5.04,0,0.51,5.6,36.18,7.53,8,520.89,19.54,319.42,22.01
8.04,0,24.18,0,0.83,5.49,116.64,0.59,24,635.05,16,216.19,31.91
2.52,0,9.86,0,0.49,6.29,49.77,4.75,4,356.02,18.15,338.45,8.29
1.76,0,6.98,0,0.55,6.11,87.02,3.07,6,339.33,19.97,319.71,11.65
10.02,0,2.03,0,0.52,5.59,61.17,3.75,7,438.61,19.39,254.01,14.82
-5.07,0,14.08,0,0.57,6.3,89.7,4.68,1,185.45,16.8,599.97,13.72
10.92,0,15.36,0,0.51,6.26,86.52,2.66,5,375.63,21.64,351.9,12.99
-2.53,34,4.49,0,0.43,6.25,-19.08,9.82,4,331.33,18.53,421.7,-3.02
-1.22,0,19.79,1,0.59,6.5,100.7,0.15,5,454.58,17.6,413.25,13.43
7.07,0,23.69,0,0.83,5.67,103.5,1.27,5,508.74,18.02,174.84,24.89
-2.64,0,5.04,0,0.5,7.75,58.27,5.74,2,227.47,16.62,434.34,10.2
2.46,25,7.56,0,0.38,5.91,12.33,5.84,5,190.29,20.65,440.78,-4.1
2.32,0,11.62,0,0.55,6.13,111.25,2.69,4,261.33,19.45,382.14,22.05
6.51,12.5,14.47,0,0.52,6.08,104.85,3.6,24,545.9,18.82,415.21,17.59
-2.7,0,10.65,0,0.65,6.29,105.64,5.01,4,375.43,17.29,474.33,15.91
-11.19,22,11.82,0,0.49,7.05,52.44,4.39,4,310.85,20.17,505,5.85
4.66,0,7.62,0,0.53,7.13,63.77,4.91,4,359.23,17.39,287.68,1.2
0.41,20,2.56,0,0.43,7.44,81.79,4.96,4,142.04,17.32,400.99,2.88
-6.63,0,14.43,0,0.54,5.56,24.55,6.46,4,467.63,18.01,367.33,10.16
-3.83,0,6.57,0,0.41,5.75,50.35,4.45,2,233.11,19.01,484.27,7.6
8.08,0,4.35,0,0.58,6.6,92.62,2.28,24,378.77,17.81,339.23,21.49
3.44,80,3.38,0,0.46,6.2,49.98,3.78,5,490.35,17.03,594.13,6.06
-3.55,0,14.24,0,0.55,7.65,50.68,2.34,4,268.05,16.12,558.42,2.63
-4.92,20,8.76,0,0.41,5.57,81.59,6.44,3,395.61,19,474.19,17.79
3.62,0,11.07,0,0.52,6.5,56.65,4.04,8,529.89,19.85,329.86,10.99
7.53,0,17.67,0,0.73,5.45,82.88,1.91,24,687.92,22.92,387.47,11.5
16.49,0,13.64,0,0.6,5.55,74.3,4.05,24,718.46,20.97,206.57,25.48
11.98,0,11.22,0,0.52,5.83,71.96,2.55,24,499.17,19.96,270.16,17.56
19.49,0,19.8,0,0.72,5.63,85.35,1.3,24,622.45,21.77,134.84,29.92
10.84,0,24.81,0,0.66,5.37,93.17,1.94,24,678.17,20.86,372.17,23.24
-4.16,0,5.95,0,0.51,6.82,45.72,3.92,5,365.33,19.28,292.76,-1.11
26.27,0,14.05,0,0.69,5.38,85.74,3.61,24,548.61,22.65,265.52,19.08
-9.66,0,17.24,0,0.56,5.89,66.43,5.07,2,450.73,15.52,303.58,9.4
-11.85,20,11.83,0,0.52,5.69,62.15,5.78,4,226.97,17.71,358.15,13.76
-1.32,0,21.47,0,0.58,5.6,74.33,4.89,1,323.81,20.23,399.97,15.8
-5.18,60,13.36,0,0.34,5.65,36.5,6.88,5,445.72,21.04,494.08,17.36
6.63,0,24.52,0,0.8,5.36,107.26,-0.13,6,576.73,19.92,376.11,23.64
-7.77,55,4.11,0,0.47,6.46,24.62,4.56,5,325.44,18,482.01,2.32
14.27,0,22.31,0,0.73,5.21,82.21,0.11,24,572.53,18.07,391.83,21.41
1.25,0,10.17,0,0.53,6.38,41.34,5.94,5,386.26,20.84,456.74,16.49
12.52,0,22.07,0,0.66,6.03,96.99,-0.15,24,646.57,19.23,220.51,27.42
1.2,0,18.08,0,0.58,4.81,80.98,2.51,4,570.99,18.96,299.57,17.42
3.8,0,16.58,0,0.69,5.82,104.83,3.22,8,484.27,20.02,402.89,21.27
8.09,0,2.72,0,0.55,6.79,71.33,4.37,6,193.14,15.5,453.29,11.41
6.9,0,9.23,0,0.64,6.22,54.43,4.92,7,425.35,17.02,402.24,9.92
16.02,0,16.36,0,0.64,5.62,123.07,2.43,24,677.03,19.98,336.15,15.02
-6.13,0,12.76,0,0.63,5.79,105.05,2.37,5,422.62,18.53,409.23,13.75
-9.35,0,7.44,0,0.59,5.88,45.65,5.25,3,271,19.48,333.43,6.91
10.82,0,10.58,0,0.69,5.94,79.98,1.53,7,364.11,16.13,412.08,20.63
-2,0,9.72,0,0.59,6.94,91.62,1.61,4,254.15,15.64,334.73,9.73
1.17,0,4.86,0,0.52,5.83,67.6,4.33,4,181.31,19.28,545.77,16.98
3.95,0,5.62,0,0.45,6.48,56.27,5.24,4,306.75,19.57,340.13,11.65
-3.42,80,1.32,0,0.33,6.74,11.93,8.31,4,158,19.53,474.72,1.16
3.99,0,23.92,0,0.61,5.39,96.51,0.11,4,547.04,22.38,372.89,25.58
4.1,30,4.18,0,0.48,7.71,53.98,5.5,4,241.38,15.53,514.63,-1.71
2.45,0,22.43,0,0.57,5.99,68.17,2.43,5,392.05,19.01,381.25,15.23
-1.93,0,20.92,0,0.8,5.56,105.99,0.81,5,509.36,18.96,346.16,11.76
7.9,0,11.69,0,0.58,6.11,84.23,2.43,6,434.13,18.96,525.76,13.31
10.61,0,22.68,0,0.66,5.46,94.4,1.73,5,651.14,20.13,252.66,18.23
-13.63,80,-0.63,0,0.53,7.85,65.47,3.91,4,137.02,14.34,445.62,5.57
10.61,0,10.26,0,0.63,6.24,68.49,0.68,7,482.33,18.28,288.45,15.27
2.26,17.5,6.15,0,0.47,6.22,38.07,7.17,5,333.91,19.26,305.14,9.27
6.16,0,13.19,0,0.61,4.55,115.2,3.51,5,402.95,19.85,286.97,26.21
9.31,0,15.96,0,0.49,5.9,55.32,6.13,24,626.27,19.99,216.59,12.6
8.92,0,5.49,0,0.51,6.34,79.04,4.19,5,287.72,19.6,416.11,8.68
-13.31,82.5,-3.74,0,0.33,5.94,27.88,7.07,2,-36.38,15.87,514.73,4.75
-5.21,0,12.11,0,0.54,6.81,45.59,3.99,2,231.55,17.01,377.09,0.65
7.9,0,14.97,0,0.67,6.56,89.49,3.19,24,723.15,20.4,225.67,16.38
15.5,0,8.89,0,0.57,5.44,104.43,1.46,24,462.08,21.15,330.09,18.24
9.01,0,12.14,0,0.67,5.27,80.82,1.31,4,481.04,20.66,440.22,15.88
13.82,0,18.31,1,0.65,6.03,107.51,1.81,8,471.18,19.64,227.56,14.49
15.94,0,21.32,0,0.69,6.39,142.58,-1.54,24,590.33,20.77,297.69,18.13
-11.95,52.5,7.33,0,0.44,7.18,31.32,4.31,3,297.23,19.65,406.69,-0.48
2.38,0,9.35,0,0.6,6.04,114.03,2.85,4,329.1,16.44,381.32,17.94
7.86,0,10.06,0,0.58,6.62,89.5,2.51,24,460.02,18.44,283.99,18.54
8.77,0,11.02,0,0.52,6.41,67.1,4.5,24,527.12,18.71,244.34,6.54
-2.83,25,8.07,0,0.5,6.18,66.58,3.1,5,368.6,17.81,392.88,10.3
13.53,0,9.06,0,0.49,7.65,55.48,4.77,3,302.27,17.47,346.72,10.28
-9.3,20,8.35,0,0.53,6.64,52.45,4.95,3,325.38,19.32,435.24,4.37
-2.76,33,8.52,0,0.43,7.12,44.55,4.17,5,343.27,18.57,333.9,-0.72
-7.23,0,16.57,0,0.67,5.23,71.74,2,5,386.87,16.63,539.71,19.98
-1.05,0,5.9,0,0.48,7.11,29.99,5.65,5,366.1,21.55,429.94,2.41
1.87,0,3.48,0,0.45,8.28,49.6,4.02,4,133.01,19.37,329.07,2.84
16.98,0,15.6,0,0.67,5.23,102.48,-0.13,24,675.23,23.75,226.2,29.93
13.59,0,9.96,0,0.48,5.26,36.99,5.27,5,458.75,20.7,395.77,10.73
7.22,0,5.5,0,0.57,6.06,76.22,3.26,24,426.56,18.64,377.26,13.23
-16.82,20,18,0,0.52,5.08,90.34,3.6,3,459.66,17.73,473.71,23.49
6.64,0,17.5,1,0.55,5.3,107.87,3.26,24,497.29,18.98,270.26,19.15
-5.83,0,13.6,0,0.66,7.09,120.14,1.21,24,484.38,20.67,289.24,17.5
-10.89,90,2.53,0,0.51,7,56.09,5.64,5,275.15,17.13,482.38,6.36
3.94,0,8,0,0.47,5.65,40.22,6.43,5,359.51,21.63,383.72,12.71
2.32,0,11.47,1,0.6,6.8,90.7,1.93,6,451.85,19.69,320.5,10.77
2.99,0,4.52,0,0.51,7.65,48.21,4.06,5,249.35,17.55,360.78,0.67
9.86,0,10.18,0,0.48,7.28,94.86,1.03,24,439.52,19.81,433.54,5.47
-0.18,0,14.26,0,0.67,4.58,96.57,2.45,4,398.97,20.93,353.11,20.87
16.04,0,19.55,0,0.72,5.39,87.52,1.77,24,726.99,21.46,321.6,25.15
16.67,0,7.21,0,0.47,6.16,47.7,4.19,24,507.93,16.54,205.41,12.88
-4.49,0,8.38,0,0.52,6.6,103.47,3.21,5,305.12,17.08,341.34,11.11
23.84,0,19.18,0,0.64,5.84,90.94,0.89,24,708.55,24.34,287.82,21.28
-17.71,85,10.29,0,0.49,6.95,67.07,5.05,4,304.46,14.53,475.66,5.11
-7.43,80,0.19,0,0.32,6.66,33.64,5.98,4,230.4,19.34,403.75,0.31
7.19,0,14.29,0,0.55,6.1,62.12,2.66,5,453.09,17.98,367.34,18.56
-0.21,0,4.48,0,0.52,6.36,50.67,4.75,5,164.4,16.7,271.34,2.69
7.51,25,9.22,0,0.45,5.97,24.6,5.39,8,451.29,18.49,417.96,10.82
-5.88,20,10.98,0,0.54,6.79,65.48,3.72,6,331.34,17.38,390.3,8.33
2.36,0,15.22,0,0.7,6.08,63.45,3.77,4,405.54,18.24,363.63,19.91
-6.62,90,3.91,0,0.25,4.45,49.39,8.11,3,218.43,17.73,546.45,18.78
-2.34,0,14.71,0,0.7,5.44,108.09,1.63,5,401.37,15.98,402.1,20.01
3.48,0,19.6,0,0.65,6.58,116,1.47,5,467.41,17.7,368.05,9.68
11.11,0,9.58,0,0.53,6.02,65.16,2.5,24,396.19,19.38,465.49,7.87
4.66,28,6.57,0,0.48,6.91,62.42,5.51,5,297.48,14.99,304.01,6.3
8.5,40,5.03,0,0.42,7.82,18.04,6.56,5,376.85,16.71,413.44,-5.3
-11.13,0,18.62,0,0.63,6.43,76.87,3.5,2,421.53,18.36,332.87,11.68
-10.46,0,13.01,0,0.59,5.74,86.33,1.62,4,443.01,17.96,438.13,11.51
-11.05,0,3.56,0,0.54,6.87,85.25,1.91,2,52.54,14.99,411.94,16.37
12.22,0,11.82,0,0.52,5.87,69.58,4.42,5,239.61,17.12,433.95,16.36
12.33,0,18.25,0,0.59,6.31,79.69,0.46,24,375.69,19.76,234.17,14.07
11.82,0,3.12,0,0.39,6.21,22.97,6.01,7,325.69,19.74,219.69,7.76
2.96,0,20.43,0,0.72,4.89,66.31,1.75,6,565.07,16.43,263.29,16.5
-5.66,22,1.74,0,0.4,7.9,65.36,6.49,4,156.49,19.73,403.7,-2.78
-2.72,0,14.06,1,0.63,6.33,101.2,2.6,5,320.5,17.38,428.71,7.66
11.58,0,14.63,0,0.56,6.55,101.51,2.72,5,381.58,16.6,259.26,13.03
14.49,0,12.59,0,0.51,6.42,49.19,4.04,24,623.47,19.38,335.38,9.95
-1.24,0,8.05,0,0.38,5.55,11.95,7,4,240.26,19.45,284.86,4.15
0.83,80,-5.22,0,0.38,7.18,47.92,6.48,4,-16.37,13.91,486.98,0.93
15.03,0,6.9,0,0.57,5.84,76.96,3.04,24,433.8,19.45,143.85,18.91
14.58,0,26.75,0,0.83,5.47,91.63,-0.51,24,760.42,20.06,264.37,25.52
3.52,0,11.46,0,0.43,6.85,80.23,4.2,4,374.23,19.45,232.59,14.25
6.11,0,13.96,1,0.66,7.1,111.05,-0.81,6,466.63,18.43,344.74,14.9
6.5,0,16.61,0,0.58,5.27,75.93,3.4,5,490.46,20.3,235.05,19.28
4.86,0,19.79,0,0.62,6.23,104.3,1.99,5,584.99,18.4,305.67,17.02
-11.94,0,8.54,1,0.57,6.46,84.24,3.86,4,294.75,14.67,390.67,16.05
0.03,0,10.74,0,0.59,6.25,46.45,3.07,24,367.61,16.77,221.15,7.87
14.23,0,18.85,0,0.63,5.49,88.61,3.69,7,551.58,20.67,400.36,15.68
-0.63,25,10.65,0,0.35,6.22,45.4,6.2,4,251.46,18.32,361.68,10.67
8.35,0,6.81,0,0.47,5.73,64.29,4.15,5,391.6,19.71,461.98,6.39
-3.16,0,14.09,1,0.58,6.42,101.53,-0.39,8,449.34,19.56,391.01,18.17
-5.87,0,14.16,0,0.55,5.27,70.39,4.71,1,193.17,22.05,421.03,11.27
11.61,0,14.45,0,0.68,5.94,91.96,2.96,24,371.18,17.72,373.18,24.11
3.07,20,7.61,0,0.44,6.91,32.34,6.01,5,285.8,16.86,365.51,2.4
-9.08,0,9.12,1,0.55,6.53,48.55,5.95,4,421.15,17.69,399.92,7.65
34.32,0,20.77,0,0.82,6.2,106.88,-0.89,24,779.42,17.29,197.45,19.59
-10.68,95,-8.59,0,0.37,6.92,34.56,9.8,4,129.99,16.55,383.18,1.59
-5.79,12.5,9.95,0,0.41,6.03,29.55,7.21,1,297.18,18.58,426.2,10.74
17.65,0,20.53,0,0.6,5.53,47.03,1.04,24,770.12,20.77,400.53,12.11
-5.75,0,19.38,0,0.79,6.75,120.26,3.17,5,480.56,21.61,476.56,3.33
4.5,0,9.73,0,0.59,6.35,87.74,2.68,5,205.58,18.07,332.64,5.76
6.33,0,12.44,0,0.52,6.25,34.88,4.6,5,449.04,18.2,337.14,13.83
-7.03,80,0.89,0,0.37,7.53,34.85,5.99,4,174.49,18.22,273.21,0.62
0.08,22,6.3,0,0.52,7.43,54.84,3.33,5,456.8,17.17,369.03,5.83
12.77,0,25.62,0,0.79,5.68,102.06,0.85,24,691.64,18.2,214.25,16.38
5.56,0,16.98,0,0.61,5.2,51.53,1.83,5,452.68,20.74,316.09,22.26
7.28,0,23.68,0,0.83,5.95,138.25,-0.3,24,683.3,19.55,357.19,25.56
17.01,0,22.98,0,0.68,5.61,91.55,1.32,24,738.97,23.29,278.99,26.29
19.42,0,21.37,0,0.8,5.01,117.56,1.69,24,790.39,19.56,225.85,31.62
7.31,0,14.25,0,0.63,6.46,89.2,2.25,7,387.92,16.86,340.62,13.85
0.34,20,3.34,0,0.44,7.42,58.87,4.56,5,332.08,20.46,312.89,4.26
-0.44,22,2.28,0,0.58,6.12,56.3,4.95,5,313.06,18.53,393.53,10.49
10.19,0,12.04,0,0.58,5.86,102.66,4.11,24,626.33,21.61,293.09,24.23
-8.23,0,13.04,1,0.63,6.79,86.24,1.98,5,261.29,14.17,391.33,9
7.25,0,10.81,0,0.6,6.66,79.61,3.07,5,269.31,19.59,396.38,19.35
-0.21,0,2.27,1,0.6,6.88,79.83,5.36,4,272.27,16.86,345.55,0.86
9.43,0,9.51,0,0.66,6.07,90.43,2.43,8,456,19.12,319.49,17.74
23.14,0,14.5,0,0.75,6.49,110.77,1.92,24,624.23,22.03,263.44,16.06
9.29,0,13.48,0,0.66,6.18,103.93,0.96,24,420.78,15.66,203.4,13.68
5.46,18,4.1,0,0.62,7.29,64.34,5.56,5,388.66,14.89,469.68,9.55
-2.71,75,4.06,0,0.3,6.67,42.92,7.51,3,78.71,15.32,395.6,6.25
-0.18,0,8.62,0,0.43,6.15,102.56,4.41,1,161.07,18.36,285.43,18
17.44,0,15.25,0,0.72,6.23,117.87,1.12,24,627.97,16.91,246.55,10.5
19.31,0,19.73,0,0.66,6,86.5,4.19,24,633.39,18.84,382.4,14.16
3.37,20,0.09,0,0.46,6.11,45.41,4.89,5,339.9,16.77,258.25,14.15
12.49,0,12.15,0,0.45,4.9,57.85,4.79,4,308.5,19.49,307.39,14.68
5.23,0,15.73,1,0.6,5.61,73.99,2.39,24,375.53,18.56,363.89,16.43
-6.71,0,6.96,0,0.4,5.18,45.35,5.03,3,213.93,20.2,355.76,11.35
-10.59,20,8.7,1,0.62,6.64,65.3,2.5,4,328.6,16.86,526.92,2.82
6.68,12.5,5.27,1,0.46,6.64,17.93,3.07,24,451.1,19.27,373.7,11.26
9.29,0,6.96,0,0.65,6.6,65.12,4.96,4,544.83,18.87,287.4,18.51
-3.46,0,10.38,0,0.57,6.38,57.46,3.91,3,137.1,20.06,430.25,5.37
-5.19,0,7.83,0,0.51,5.46,62.54,6.33,3,188.56,20.43,433.02,5.51
9.9,0,25.71,0,0.6,5.73,132.93,-0.49,5,660.69,19.25,276.61,22.35
11.39,0,15.64,0,0.54,5.75,77,1.24,6,490.9,20.67,598.75,18.01
-3.89,0,9.2,0,0.41,5.7,72.91,4.95,2,165.96,19.95,527.8,13.71
-12.58,0,12.19,0,0.53,5.73,73.08,4.39,2,337.66,18.11,419.2,15.18
-1.51,0,3.93,0,0.43,6.36,52.25,7.21,3,223.39,19.88,464.87,5.66
-2.15,0,11.43,0,0.54,6.97,77.89,2.87,4,388.57,18.08,418.04,7.86
2.19,0,6.67,0,0.53,6.04,72.45,3.72,24,559.88,17.62,328.51,15.03
-7.64,0,3.22,0,0.5,6.19,94.78,1.28,4,212.58,20.72,404.48,15.36
10.29,20,1.99,0,0.44,7.14,59.72,6.14,6,463.38,19.87,374.18,8.98
-4.49,0,17.95,0,0.45,6.19,68.83,3.1,3,454.05,19.74,440.56,7.3
-8.25,0,7.73,0,0.42,6.11,51.95,4.04,2,189.27,21.37,379.76,12.51
-1.25,82.5,-0.3,0,0.36,7.12,28.86,6.51,4,264.99,17.19,394.81,-3.48
1.27,0,13.49,0,0.58,6.11,102.4,1.48,24,538.57,18.72,369.45,18.1
-0.91,0,13.64,0,0.61,6.88,75.28,3.52,5,572.74,17.95,400.78,-1.97
5.16,0,16.77,0,0.65,6.53,88.15,0.74,5,609.14,18.11,387.31,17.94
0.72,0,13.64,0,0.69,6.46,101.04,0.71,6,369.5,20.29,188.63,24.59
-2.53,0,10.36,0,0.59,6.64,90.21,1.22,4,330.68,16.11,254.3,13.64
0.03,40,1.87,0,0.53,5.99,37.82,5.64,5,450.13,18.22,331.59,10.95
-0.16,52.5,-2.37,0,0.43,7.66,-1.44,8.44,4,309.3,17.33,267.18,-3.42
1.44,0,7.91,0,0.49,6.65,84.63,6.17,2,264.76,16.91,405.74,4.97
15.5,0,19.9,0,0.63,6.42,96.97,2.25,24,757.46,23.97,286.68,6.87
5.14,25,5.92,0,0.54,6.34,48.69,5.2,6,551.75,16.72,328,0.68
17.35,0,30.3,0,0.82,6.56,92.91,2.4,24,975.78,23.94,177.19,23.6
16.63,0,15.32,0,0.61,6.41,107.31,1.53,24,553.98,17.87,394.72,22.6
9.12,0,9.15,0,0.5,6.7,66.49,6.4,5,595.38,19.97,409.38,18.54
5.63,0,21.97,0,0.69,4.93,89.42,3.89,24,769.91,19.62,436.79,21.76
13.11,0,4.48,0,0.53,6.12,64.91,7.04,24,434.3,20.85,405.75,10.37
-5.73,21,5.97,0,0.47,7.01,34.12,6.96,4,180.03,14.92,408.45,3.5
10.88,0,20.58,0,0.82,5.69,144.01,0.98,24,609.66,19.8,220.41,28.14
11.69,20,1.11,0,0.39,6.97,5.13,6.32,7,485.42,20.35,349.07,9.23
13.64,0,24.79,0,0.72,5.02,91.99,1.72,24,737.96,19.67,298.76,27.18
5.55,0,23.01,1,0.78,5.79,105.37,-0.69,24,519.02,20.04,387.32,18.23
-6.47,80,0.03,0,0.27,6.74,69.24,6.65,3,160.11,18.55,443.97,4.2
4.54,0,9.2,0,0.46,6.16,45.33,9.27,5,472.3,23.35,303.65,10.26
5.66,0,3.88,0,0.6,5.5,92.88,4.33,24,370.05,20.86,430.96,20.02
7.68,0,8.82,0,0.47,7,78.25,6.02,5,312.16,22.08,242.03,19.33
13.54,0,13.95,0,0.57,5.86,41.5,4.35,24,475.9,18.17,281.73,8.52
17.43,0,7.11,0,0.53,6.73,76.95,4.26,7,284.49,16.23,288.53,11.44
-9.17,0,29.09,1,0.62,5.21,98.7,3.98,4,455.83,20.38,230.01,20.16
16.32,0,18.4,0,0.71,4.95,106.45,0.4,8,480.3,20.68,416.29,24.29
8.1,0,11.22,0,0.64,5.46,88.96,3.19,8,509.47,19.64,258.66,27.64
-0.52,0,10.14,0,0.54,6.06,45.1,7.02,7,360.51,18.45,229.24,14.57
4.63,0,8.29,0,0.6,6.98,97.93,3.34,7,312.22,17.13,262.05,10.62
0.17,20,12.35,0,0.52,6.83,63.14,1.99,8,428.35,17.74,505.62,8.01
-20.74,70,4.13,0,0.4,6.62,44.83,3.87,1,-46.95,16.08,506.85,5
1.89,0,6.5,0,0.57,6.65,92.98,2.47,5,283.46,17.87,275.97,14.01
5.28,0,13.76,0,0.51,5.97,74.86,3.61,8,534.04,19.83,261.26,11.64
15.53,0,3.47,0,0.51,6.6,67.3,2.88,8,197.72,14.03,284.48,20.57
9.22,0,11.73,1,0.56,5.53,81.06,3.13,24,347.29,16.16,269.53,11.24
6.47,0,17.5,0,0.56,6.49,86.1,0.48,3,293.09,19.08,365.23,15.54
8.67,0,8.06,0,0.57,7.42,97.2,4.34,6,493.25,15.92,376.15,5.73
22.73,0,21.03,0,0.77,4.87,105.27,2.48,24,842.96,22.74,14.45,27.47
12.95,0,18.93,0,0.73,6.46,105.17,2.69,24,672.55,19.67,273.12,10.98
-5.02,28,-2.01,0,0.44,5.22,19.3,7.18,2,107.18,16.9,454.38,4.98
-4.31,75,4.86,0,0.51,7.53,72.37,1.9,5,159.42,12.99,403.22,2.6
10.94,0,16.67,0,0.58,5.64,96.95,3.14,24,541.43,20.19,326.96,19.7
2.93,0,6.65,0,0.56,6.07,127.17,3.14,4,262.77,18.66,267.95,24.62
-4.27,0,12.22,0,0.42,6.42,65.51,4.62,5,501.91,23.5,426.34,9.38
2.97,0,7.56,0,0.46,5.98,47.9,3.16,5,291.9,20.22,438,14.58
2.54,0,11.39,0,0.63,5.77,87.78,3.18,4,424.51,18.99,423.46,14.56
0.46,0,20.25,0,0.65,4.72,84.27,2.1,6,720.53,20.6,257.82,26.21
3.67,0,16.43,0,0.62,6.19,77.97,2.67,4,225.01,18.01,446.72,19.35
9.94,0,13.26,0,0.68,5.42,112.21,2.69,24,584.67,20.92,320.2,15.89
1.14,22,1.82,0,0.42,7.16,25.65,7.28,5,366.83,19.95,342.8,14.17
-11.46,90,-1.08,0,0.3,6.83,13.32,7.41,3,89.14,18.08,337.65,-1.34
5.99,0,10.62,0,0.54,5.71,78.23,3.33,5,411.65,18.67,372.61,11.34
6.45,0,10.36,0,0.62,6.24,82.14,2.53,7,436.05,15.34,207.25,21.05
-2.97,0,1.3,0,0.56,6.69,76.01,5.77,4,296.39,16.81,253.94,12.13
8.25,0,11.33,0,0.4,6.78,57.52,6.93,5,458.56,19.18,369.76,11.47
-3.67,45,4.28,0,0.42,7.83,13.26,7.46,4,177.09,17.08,376.46,4.91
7.01,0,8.98,0,0.57,7.28,48.12,5.17,4,314.96,17.2,374.55,8.39
-2.91,0,15.53,0,0.63,5.96,87.3,3.1,4,402.33,17.88,458.83,14.99
11.06,0,7.32,0,0.47,7.01,42.44,4.99,5,330.4,20.49,403.81,9.07
-6.65,0,12.9,0,0.51,6.21,56.23,5.26,4,348.57,20.72,367.01,12.95
0.3,0,3.83,0,0.47,6.81,22.69,6.5,3,244.5,16.04,389.5,9.65
1.54,0,24.81,1,0.71,6.57,107.84,2.16,24,555.43,18.85,279.18,11.92
-14.51,0,20.19,0,0.67,6.15,73.71,3.6,4,388.57,17.61,464.77,9.77
-12.45,35,8.57,0,0.42,6.28,35.69,5.48,4,216.89,17.47,493.13,9.79
-12.89,0,3.44,0,0.62,5.57,103.42,4.37,3,135.85,17.18,423.36,8.52
5.78,0,14.94,0,0.64,5.76,71.35,3.19,7,576.83,19.49,393.13,26.38
10.98,0,17.09,0,0.54,5.08,61.76,4.23,7,561.85,19.89,279.05,23.41
11.12,0,1.13,0,0.56,7.12,61.67,6.45,5,444,20.4,253.97,7.83
9.02,0,7.35,0,0.55,6.4,66.05,3.11,24,644.08,19.29,362.36,13.54
15.54,0,8.47,0,0.45,6.2,62.35,5.92,24,483.12,19.1,200.94,11.03
4.49,0,10.96,0,0.56,6.31,79.6,4,5,354.64,21.66,329.32,15.65
1.21,0,15.03,0,0.67,6,149.27,1.36,6,373.61,19.92,238.01,24.68
2.25,0,7.9,0,0.59,6.12,81.97,1.89,5,369.07,20.01,298.26,14.03
4.67,0,11.17,0,0.47,6.59,61.29,4.65,4,427.85,20.1,342.1,15.29
19.35,0,17.62,0,0.58,6.11,95.95,0.28,24,819.21,22.5,278.77,18.35
15.18,0,14.93,0,0.56,6.24,50.59,3.64,24,609.33,20.08,209.58,22.54
3.28,0,13.67,0,0.49,6.11,63.3,4.21,4,428.44,21.48,347.82,15.81
7.2,20,8.58,0,0.49,8.17,75.47,5.57,24,547.71,16.91,325.49,8.25
6.67,0,14.65,0,0.56,6.63,60.82,4.17,8,416.46,16.41,357.42,6.84
-4.3,40,-0.7,0,0.37,6.65,5.45,8.05,2,8.33,16.1,482.32,1.87
12.09,0,20.43,0,0.83,6.83,124.34,1.1,24,771.88,18.62,281.17,19.46
6.55,0,-2.92,0,0.45,7.89,39.72,6.02,4,190.39,19.04,333.56,13.4
1.22,80,4.1,0,0.46,7.31,49.82,3.43,6,399.32,15.18,439.05,-0.95
17.86,0,12.94,0,0.75,5.73,104.45,3.13,24,708.99,19.72,133.61,22.02
6.54,12.5,14.83,0,0.48,5.66,60.72,4.72,8,502.83,19.79,361.82,13.63
-5.67,90,-0.31,0,0.41,7.63,10.61,6.94,2,39.64,15.9,512.61,-6.16
2.08,0,16.71,0,0.49,6.4,61.33,3.13,5,451.5,18.27,333.08,19.54
-5.5,60,2.84,0,0.49,6.77,42.2,5.32,3,200.8,14.02,435.1,4.32
-6.04,20,5.4,0,0.61,6.79,47.89,5.58,8,317.86,14.15,240.51,13.3
-5.42,20,7.94,0,0.47,6.49,44.79,4.52,2,267.83,16.01,397.44,7.75
15.65,0,22.63,0,0.62,6.06,117.98,-0.32,24,746.84,22.11,257.95,23.33
2.35,0,8.51,0,0.39,6.08,33.63,5.88,5,398.55,21.35,429.13,14.94
0.75,21,7.08,0,0.54,6.24,78.17,3.78,24,326.06,17.51,237.06,13.53
-5.78,80,2.8,0,0.3,7.24,17.56,5.79,4,159.83,16.12,307.71,-1.53
-7.83,80,-0.08,0,0.35,6.57,26.18,6.94,3,227.23,16.62,431.86,9.68
5.25,0,3.65,0,0.57,6.13,58.68,5.27,5,259.31,18.39,416.84,8.3
3.18,0,11.51,0,0.55,7.41,73.59,3.6,5,330.44,18.12,392.86,16.76
11.97,0,10.53,0,0.62,6.2,94.6,2.81,24,472.64,16.83,262.71,13.28
7.03,0,5.42,0,0.47,6.94,31.67,1.3,4,271.34,13.25,293.26,4.23
14.57,0,21.24,0,0.76,6.24,90.09,1.27,24,475.74,20.54,235.39,16.07
-6.23,95,-4.19,0,0.3,7.94,34.04,5.53,2,53.32,13.74,490.48,1.32
13.65,0,24.1,0,0.71,6.15,102.11,0.48,24,673.09,20.07,348.5,23.21
6.94,0,4.16,0,0.51,6.75,27.67,6.08,8,450.69,20.92,293.51,0.14
-6.97,0,15.37,0,0.68,6.27,107.79,1.1,4,345.71,18.08,366.21,22.35
-8.64,0,8.39,0,0.53,6.61,36.36,5.36,4,354.11,19.56,328.27,5.83
-6.03,25,2.98,0,0.46,7.05,36.74,4.79,4,274.47,20.98,440.52,2.81
-0.93,0,12.11,0,0.51,5.29,32.85,7.12,8,407.55,19.34,379.04,11.33
-7.49,80,1.1,0,0.44,6.51,6.52,7.97,4,187.71,16.96,572.1,-2.63
13.94,0,3.37,0,0.59,6.94,62.97,4.68,5,350.31,15.23,305.95,7.32
2.45,20,1.26,0,0.35,7.7,31.49,7.65,2,147.05,17.33,406.47,0.21
-2.17,0,11.2,0,0.44,6.51,42.5,4.74,4,444.16,19.87,286.94,20.51
7.31,0,3.07,0,0.5,7.19,62.14,5.52,6,373.43,16.99,221.96,9.54
0.59,0,12.51,0,0.6,6.46,90.7,2.81,5,243.19,19.39,252.29,16.93
6.86,0,11.14,0,0.76,5.73,97.71,3.47,5,210.8,17.05,277.31,22.49
18.86,0,15.77,0,0.73,5.75,106.75,0.33,24,770.74,21.39,247.52,26.26
6.13,0,13.77,0,0.5,5.81,59.82,6.39,5,491.34,19.71,282.97,18.45
2.93,0,9.84,1,0.57,6.11,105.69,3,6,515.37,22.8,480.33,13.97
3.05,0,7.68,0,0.42,6.44,21.99,5.92,4,230.21,16.41,273.91,9.32
8.57,0,12.75,0,0.63,4.86,64.93,3.55,4,384.13,18.78,181.91,13.87
6.41,0,9.07,0,0.63,6.02,48.96,5.08,24,545.55,17.69,358.09,12.5
11.86,0,13.43,0,0.58,6.67,88.77,3.96,24,377.61,17.8,365.74,16.44
3.65,0,9.5,0,0.41,5.13,29.65,7.37,1,291.94,23.85,463.97,15.57
20.61,0,13.28,0,0.63,7.04,88.02,0.94,24,537.27,16.8,115.71,13.42
10.13,0,12.23,0,0.59,6.85,79.71,2.06,24,497.47,19.16,195.02,11.3
-16.78,21,10.39,0,0.63,7.11,77,4.17,2,328.64,17.21,498.11,7.25
9.78,0,19.45,0,0.58,5.43,85.05,1.57,5,404.7,18.66,274.87,20.25
-18.98,95,2.3,0,0.34,7.15,32.31,8.21,1,350.64,19.44,470.59,0.76
-2.83,0,12.75,0,0.41,4.9,41.68,5.73,4,295.69,21.67,408.93,13.04
-1.34,0,7.33,0,0.54,5.5,65.14,3.8,5,361.86,22.46,320.19,17.66
2.5,0,29.85,0,0.84,5.05,132.69,1.37,5,598.43,18.66,273.07,24.17
1.33,22,0.58,0,0.43,6.78,46.94,7.72,3,281.78,18.31,446.62,6.63
23.61,0,23.95,0,0.66,5.54,91.51,1.86,24,695.34,20.57,301.38,18.66
14.33,0,7.52,0,0.53,6.19,76.5,4.87,24,446.1,20.64,363.18,13.7
4.3,0,3.19,0,0.42,7.05,33.43,6.24,3,145.62,19.55,484.84,7.95