"","CRIM","ZN","INDUS","CHAS","NOX","RM","AGE","DIS","RAD","TAX","PTRATIO","B","LSTAT"
"1",-2.97,"0",14.49,"0",0.44,5.7,65.05,1.78,"3",257.72,19.77,410.11,13.68
"2",17.24,"0",14.66,"0",0.62,6.05,76.47,2.31,"5",506.09,17.13,261.14,15.17
"3",6.16,"25",7.43,"0",0.41,6.96,45.55,7.14,"4",345.69,19.05,431.24,13.58
"4",10.42,"0",7.36,"1",0.54,5.71,72.04,4.12,"24",408.12,17.22,571.38,12.01
"5",-10.15,"80",5.6,"0",0.41,7.3,60.4,3.63,"4",266.17,19.99,451.69,7.29
"6",0.63,"0",8.27,"0",0.5,6.61,60.15,3.73,"5",306.75,17.87,303.14,10.14
"7",-7.46,"90",4.11,"0",0.35,7.18,25.88,6.85,"4",351.76,14.87,430.26,2.57
"8",9.5,"0",18.3,"0",0.67,5.91,103.05,2.76,"7",543.47,17.91,214.47,16.73
"9",2.89,"0",9.46,"0",0.54,5.05,70.31,1.87,"5",464.02,18.03,389.9,13.91
"10",-5.41,"28",7.25,"0",0.44,6.96,79.26,3.85,"4",285.46,19.96,572.6,9.06
"11",1.66,"0",14.14,"0",0.5,5.16,90.75,4.22,"4",326.42,21.9,423.08,22.79
"12",9.09,"0",10.43,"0",0.54,6.38,53.25,4.13,"6",383.65,16.37,357.88,17.24
"13",-9.89,"45",-1.72,"0",0.47,5.68,51.19,5.88,"3",64.85,15.52,332.5,7.8
"14",8.04,"0",20.58,"0",0.69,6.22,35.95,3.47,"7",538.42,17.18,292.81,12.95
"15",7.67,"28",4.94,"0",0.34,6.06,73.73,6.13,"4",195.36,17.97,343.4,20.97
"16",4.35,"20",9.92,"0",0.57,7.52,78.87,2.34,"24",430.02,16.01,351.51,10.87
"17",4.97,"0",15.36,"0",0.66,5.24,122.66,2.22,"5",380.8,20.53,296.86,24.34
"18",2.65,"0",15.16,"0",0.55,6.78,52.65,2.85,"5",402.67,14.28,428.12,7.02
"19",16.5,"33",-1.37,"0",0.38,6.92,56.3,7.67,"24",327.75,20.16,363.9,7.58
"20",10.25,"0",7.59,"0",0.55,6.93,39.28,5.04,"24",303.94,14.19,336.94,0.35
"21",-10.53,"20",6.03,"0",0.44,6.32,10.28,7.55,"3",248.73,19.09,421.14,8.34
"22",-7.73,"0",16.76,"0",0.55,7.82,78.04,3.3,"5",548.05,21.32,434.31,9.94
"23",-5.66,"0",21.65,"1",0.59,6.39,96.66,2.89,"1",310.63,17.68,481.63,7.15
"24",14.97,"0",14.79,"0",0.68,6.39,122.33,0.06,"6",574.92,19.74,568.94,21.14
"25",8.21,"0",15.83,"0",0.65,5.24,89.41,2.18,"6",517.1,15.8,238.77,20.96
"26",6.61,"0",17.79,"0",0.69,6.43,105.77,0.74,"5",634.92,20.72,219.07,20.01
"27",-9.13,"20",3.34,"0",0.45,5.64,56.53,5.6,"4",274.09,19.93,303.48,13.25
"28",4.85,"0",8.3,"0",0.63,6.06,84.77,0.87,"7",440.19,16.79,110.7,10.31
"29",8.72,"0",7.89,"0",0.58,6.93,110.71,3.87,"7",344.83,13.8,366.46,8.16
"30",-5.04,"0",5.79,"0",0.44,5.92,41.86,5.88,"2",287.08,20.17,411.52,12.75
"31",1.18,"0",9.82,"1",0.43,7,54.16,3.58,"5",495.52,19.03,325.63,12.74
"32",-6.76,"20",8.9,"0",0.53,7.41,48.78,3.5,"3",271.27,16.32,425.05,-1.53
"33",-2.88,"25",8.89,"0",0.53,4.68,51.19,5.19,"4",282.49,16.29,530.97,16.15
"34",-0.12,"0",14.7,"0",0.42,5.8,22.37,5.42,"2",301.11,21.15,470.06,10.18
"35",13.36,"0",9.44,"0",0.49,6.23,72.69,4.06,"6",369.7,19.2,354.07,12.76
"36",-2.06,"0",7.08,"0",0.54,7.34,79.33,4.14,"4",335.06,21.17,220.76,0.91
"37",-9.71,"40",3.81,"0",0.45,7.51,43.24,2.21,"5",426.38,18.88,306.94,1.26
"38",8.25,"0",12.44,"0",0.5,7.23,42.13,4.95,"8",411.58,17.05,286.83,4.86
"39",10.9,"0",15.3,"0",0.69,5.09,116.89,1.2,"4",512.76,17.76,328.65,25.38
"40",3.4,"0",10.49,"0",0.54,5.88,57.2,2.51,"5",372.34,18.61,275.08,10.19
"41",-7.11,"0",11.1,"0",0.5,6.92,89.57,1.05,"1",252.69,18.76,467.76,6.17
"42",2.32,"0",12.02,"0",0.54,6.19,68.47,3.39,"5",275.89,18.48,289.14,13.22
"43",-0.23,"0",12.47,"0",0.5,6.88,63.71,4.99,"3",261.74,18.85,422.46,-3.05
"44",-14.87,"45",3.69,"0",0.46,6.23,48.1,2.81,"3",284.76,18.03,486.04,9.33
"45",-5.06,"0",12.73,"0",0.52,5.87,73.38,3.59,"4",287.98,20.18,336.1,12.48
"46",0.68,"0",16.56,"0",0.69,4.83,73.47,3.62,"6",521.04,19.64,353.91,17.48
"47",-3.67,"90",-4.1,"0",0.22,7.35,-40.36,8.56,"3",87.53,13.47,455.85,-4.02
"48",6.25,"0",17.33,"0",0.59,5.81,74.57,2.89,"8",500.93,17.89,178.12,21.03
"49",-5.03,"0",15.44,"0",0.61,5.57,95.86,2.81,"4",344.74,18.04,406.01,19.7
"50",0.78,"70",0.22,"0",0.33,7.75,38.65,6.3,"4",211.91,15.73,431.27,-0.73
"51",-14.13,"80",0.28,"0",0.28,5.76,2.35,8.59,"2",195.67,21.26,471.05,5.19
"52",-5.14,"0",14.53,"0",0.6,6.09,65.62,4.42,"3",233.45,14.82,401.71,10.37
"53",1.1,"0",14.17,"1",0.67,7.14,72.5,3.53,"5",380.67,16.73,422.13,6.21
"54",-0.49,"25",4.03,"0",0.45,7.66,70.23,6.41,"4",214.32,17.32,425.94,5.42
"55",0.55,"18",6.49,"0",0.51,6.66,32.22,4.74,"4",250.41,13.28,449.23,8.16
"56",15.29,"0",13.83,"0",0.53,5.81,73.28,3.06,"24",722.89,22.92,309.93,16.36
"57",1.93,"20",9.47,"0",0.57,6.45,80.76,3.97,"4",467.63,14.01,339.13,18.58
"58",-8.38,"90",3.42,"0",0.38,5.84,37.56,7.54,"4",148.24,14.74,581.23,0.23
"59",-6.94,"80",-0.37,"0",0.38,5.94,25.83,9.64,"3",254.78,17.93,370.59,12.51
"60",-0.87,"30",11.86,"0",0.68,7.53,85.07,4.15,"24",528.45,16.37,445.12,2.52
"61",4.07,"0",10.66,"0",0.44,6.12,79.44,1,"4",297.11,19.11,465.25,10.45
"62",10.51,"0",8.35,"0",0.53,6.21,61.99,3.6,"8",223.24,17.41,446.83,16.47
"63",17.25,"0",13.6,"0",0.51,5.99,45.8,5.14,"5",545,20.45,452.16,13.75
"64",-1.33,"0",4.32,"0",0.5,6.93,74.75,3.46,"1",304.33,18.02,405.73,7.89
"65",-4.91,"0",11.88,"0",0.59,5.87,70.99,5.28,"5",552.5,22.33,280.69,17.99
"66",11.45,"0",19.12,"1",0.79,6.25,134.72,-1.05,"24",604.98,16.58,335.28,16.2
"67",4.01,"0",13.7,"0",0.67,6.49,119.33,1.69,"4",368.1,16.5,414.62,13.38
"68",6.54,"0",12.13,"1",0.7,6.94,101.82,2.82,"4",232.32,13.45,229.91,17.68
"69",5.25,"30",6.39,"0",0.41,7.23,45.88,7.4,"6",454.67,19.94,316.56,3.9
"70",-2.01,"0",18.22,"0",0.72,6.35,104.25,1.67,"6",428.9,14.88,339.69,16.62
"71",3.08,"0",13.42,"0",0.69,6.23,89.63,0.7,"8",443.22,19.19,356.82,14.71
"72",14.39,"0",21.77,"0",0.78,6.07,123.85,1.66,"7",526.38,17.31,333.75,14.47
"73",9.56,"0",9.79,"0",0.59,6.11,43.27,3.74,"24",488.76,17.87,453.81,16.61
"74",13.18,"20",6.6,"0",0.53,6.89,71.43,6.14,"24",520.73,16.47,283.79,16.78
"75",1.61,"0",17.26,"0",0.54,6.68,56.13,2.22,"5",305.56,21.61,269.86,11.01
"76",2.49,"0",3.93,"0",0.51,7.47,50.67,3.79,"8",310.03,18.92,335.21,-2.67
"77",14.24,"0",16.74,"0",0.63,6.19,49.39,3.59,"24",486.62,18.55,408.62,9.26
"78",9.34,"0",8.46,"0",0.72,5.73,76.39,4.82,"24",441.17,18.63,402.05,15.47
"79",-0.69,"0",17.39,"0",0.63,5.79,108.36,4.01,"24",564.2,21.67,155.29,21.17
"80",-2.72,"0",1.02,"0",0.45,6.5,34.55,5.15,"2",153.51,17.37,349.74,3.11
"81",1.71,"0",24.16,"0",0.79,5.92,108.51,0.67,"24",731.76,17.54,361.98,26.34
"82",1.55,"0",9.19,"0",0.44,7.69,51.3,4.44,"4",281.18,19.19,400.56,3.21
"83",13.96,"0",29.33,"0",0.86,4.93,104.24,0.81,"24",894.57,21.31,401.01,20.97
"84",4.34,"20",3.75,"0",0.47,6.27,60.39,6.55,"4",40.88,15.98,518.11,13.2
"85",-10.77,"0",20.04,"1",0.63,5.8,110.37,1.35,"4",317.2,19.19,371.02,14.41
"86",-4.48,"22",5.32,"0",0.53,6.63,38.88,3.65,"5",497.81,18.98,378.41,6.51
"87",17.56,"0",14.16,"0",0.6,6.69,72.17,3.72,"8",446.08,19.18,301.2,19.6
"88",-8.03,"35",1.44,"0",0.54,7.92,78.75,2.3,"2",124.62,15.78,508.61,2.94
"89",24.72,"0",22.86,"0",0.74,5.32,92.53,1.03,"24",692.7,23.8,247.12,15.96
"90",-1.45,"0",16.76,"0",0.63,6.8,73.55,4.28,"5",513.35,21.94,373.56,14.37
"91",5.58,"0",5.33,"0",0.47,6.45,45.19,7.39,"5",480.08,18.97,268.5,9.86
"92",-10.07,"0",12.46,"0",0.53,7.05,34.85,5.02,"3",162.37,20.71,394.18,5.51
"93",0.44,"0",17.78,"0",0.65,6.05,94.24,1.73,"5",515.66,17.89,362.16,11.96
"94",0.51,"0",18.6,"0",0.71,5.48,94.13,1.43,"4",479.08,17.95,388.56,15.77
"95",-0.41,"0",12.04,"0",0.72,5.67,68.86,2.3,"5",383.59,16.85,270.54,9.97
"96",-25.01,"95",-0.51,"0",0.35,7.61,1.79,6.22,"1",127.17,14.61,397.39,-11.15
"97",-2.84,"0",12.34,"0",0.46,6.22,28.41,5.13,"3",285.61,17.54,283.54,13.59
"98",4.37,"0",6.61,"0",0.5,6.7,42.55,4.13,"4",362.93,18.49,261.9,10.94
"99",6.58,"0",13.46,"0",0.63,5.68,55.2,2.9,"4",337.19,18.77,378.52,19.36
"100",-11.11,"45",1.47,"0",0.42,7.24,30.69,7.54,"3",197.15,19.64,472.36,6.79
"101",10.24,"0",19.96,"0",0.71,6.28,90.04,2.9,"6",560.85,19.58,406.57,21.29
"102",0.77,"40",-3.01,"0",0.3,6.55,39.82,6.77,"4",258.49,18.79,308.35,11.57
"103",11.13,"0",9.61,"0",0.56,6.68,77.17,3.8,"6",436.36,16.39,367.18,11.62
"104",8.23,"0",12.79,"0",0.58,4.71,94.86,3.56,"24",451.94,21.04,148.72,22.69
"105",3.65,"0",7.12,"0",0.42,6.65,35.11,6.86,"4",313.73,19.91,329.98,8.53
"106",-19.05,"80",3.86,"0",0.36,7.19,31.32,4.94,"1",-6.48,15.16,523.51,0.06
"107",8.51,"0",8.04,"0",0.54,7.73,52.81,4.73,"5",477.75,17.38,368.18,3.81
"108",-3.73,"0",8.34,"0",0.49,5.98,79.31,6.45,"4",353.76,18.79,428.31,9.77
"109",16.38,"0",14.64,"0",0.53,6.26,78.21,4.74,"8",374.76,21.34,410.65,10.18
"110",13.68,"0",19.04,"0",0.62,6.59,68.84,2.07,"24",718.06,21.52,281.63,14.95
"111",7.03,"0",2.01,"0",0.53,7.57,92.87,2.7,"4",278.61,15.22,469.84,4.37
"112",-0.61,"20",-5.44,"0",0.49,6.72,37.31,7.2,"3",102.1,15.2,418.37,-0.92
"113",-1.16,"20",10.78,"0",0.44,5.89,35.33,4.46,"2",325.97,19.46,568.59,4.59
"114",-3.69,"0",5.12,"0",0.49,6.61,89.02,4.5,"3",141.58,16.6,339.08,15.94
"115",13.21,"0",20.88,"0",0.71,5.07,85.1,0.4,"24",689.98,23.68,285.15,24.08
"116",10.14,"0",13.42,"0",0.6,6.19,43.73,4.85,"5",584.52,16.99,344.81,5.37
"117",2.97,"55",4.68,"0",0.37,7.42,-17.54,8.66,"2",276.52,14.99,477.06,-2.73
"118",-1.85,"0",18.07,"0",0.6,7.37,120.43,2.33,"4",434.46,16.75,380.37,13.23
"119",22.05,"0",16.28,"0",0.64,5.43,78.72,2.06,"24",639.34,18.46,329.53,21.62
"120",2.83,"30",8.57,"0",0.59,6.35,50.7,5.61,"5",473.58,15.8,468,4.45
"121",4.86,"0",10.78,"0",0.62,7.42,78.31,3.05,"8",371.31,14.78,374.95,7.49
"122",4.54,"0",12.41,"0",0.61,4.72,75.73,2.24,"5",387.74,17.7,365.01,26.61
"123",6.16,"0",16.39,"0",0.6,6.16,59.38,3.19,"4",422.64,18.2,395.7,19.34
"124",-7.04,"80",-4.24,"0",0.28,7.96,18.03,6.87,"1",181.77,17.4,551.25,-1.77
"125",-5.87,"0",12.16,"1",0.49,6.54,59.76,4.55,"4",351.17,18.1,339.21,12.25
"126",-4.18,"0",12.53,"0",0.48,6.34,76.12,4.44,"4",381.14,19.17,334.32,13.53
"127",21.17,"0",14.43,"0",0.69,6.48,99.13,3.38,"24",677.27,16.49,267,15.82
"128",-10.61,"60",4.49,"0",0.49,6.69,63.17,0.49,"3",95.76,16.35,619.63,0.94
"129",3.18,"0",10.37,"0",0.49,5.94,63.48,3.74,"4",327.11,19.3,400.86,15.11
"130",7.64,"0",12.3,"0",0.66,6.87,59.95,3.91,"24",598.87,17.94,364.33,15.31
"131",11.3,"0",9.41,"0",0.59,6.06,81.29,2.21,"5",323.83,13.9,289,16.5
"132",-7.09,"0",5.94,"0",0.58,6.41,82.58,3.35,"4",297.24,16.29,412.87,6.38
"133",9.34,"0",18.28,"0",0.7,6.72,88.1,1.2,"6",502.43,16.35,226.69,19.62
"134",-1.43,"0",7.25,"0",0.55,6.1,54.83,5.09,"5",358.93,19.51,350.66,13.64
"135",0.85,"0",10.81,"1",0.62,7.13,61.5,1.81,"5",347.7,16.46,406.95,7.92
"136",2.42,"0",16.21,"0",0.62,5.4,61.68,3.86,"5",320.56,19.38,324.77,14.01
"137",1.45,"28",-0.52,"0",0.37,8.09,39.75,6.05,"4",195.83,20.26,392.35,-1.62
"138",-0.83,"0",13.56,"0",0.66,7,82.07,2.83,"5",477.52,19,280,13.98
"139",15.31,"0",9.04,"0",0.38,5.29,32.75,5.27,"5",281.9,18.27,414.19,8.75
"140",14.9,"0",10.12,"0",0.78,5.45,116.15,0.04,"24",321.09,22.36,203.51,27.75
"141",4.7,"0",16.72,"0",0.69,4.9,94.47,2.97,"5",473.4,19.3,384.14,16.09
"142",4.47,"0",19.6,"0",0.77,6.1,147.14,-2,"24",564.9,20.8,356.01,22.08
"143",-2.13,"0",13.88,"0",0.71,7.13,87.25,2.31,"5",367.59,17.37,148.06,13.84
"144",-3.76,"30",-0.01,"1",0.52,8.66,79.42,1.75,"4",45.91,14.7,579.34,-2.11
"145",6.28,"0",17.97,"0",0.77,6.37,72.42,0.98,"24",613.37,15.67,248.73,16.63
"146",1.17,"40",0.08,"0",0.42,5.94,35.48,7.25,"3",94.44,13.92,503.99,8.03
"147",19.74,"0",15.94,"0",0.71,5.16,96.94,2.55,"24",682.29,16.65,240.47,20.42
"148",-11.42,"80",-1.86,"1",0.39,7.67,47.9,5.42,"4",188.47,16.17,557.04,9.47
"149",3.47,"0",3.7,"0",0.36,5.16,18.42,8.78,"3",155.89,20.11,449.83,14.06
"150",9.53,"0",11.01,"0",0.62,5.59,69.67,3.75,"24",408.74,16.85,432.33,9.62
"151",-4.72,"0",2.72,"0",0.4,5.96,52.19,5.05,"3",136.95,22.09,417.57,7.86
"152",-1.67,"0",9.09,"1",0.7,6.73,108.82,1.77,"5",414.83,15.43,353.56,12.93
"153",4.36,"0",10.58,"0",0.3,6.28,26.86,6.37,"4",306.49,20.54,250.12,11.4
"154",11.63,"0",13.73,"0",0.52,5.93,85.78,5.26,"6",491.57,19,415.32,14.61
"155",6.04,"0",9.73,"0",0.53,5.75,66.97,3.2,"24",585.04,18.85,202.22,13.97
"156",-1.37,"0",13.46,"0",0.5,6.75,61.53,3.39,"5",377.52,22.18,317.59,9.61
"157",-6.23,"0",12.46,"1",0.52,6.02,73.49,3,"2",228.54,14.31,304.97,13.38
"158",4.96,"0",15.03,"0",0.7,5.01,82.99,1.75,"24",521.12,18.02,296.55,21.32
"159",-2.7,"70",0.61,"0",0.44,6.06,44.23,8.16,"4",328.4,16.47,407.4,8.93
"160",-1.59,"0",14.04,"0",0.65,6.62,97.36,4.11,"5",565.77,20.45,292.44,16.14
"161",1.39,"0",5.05,"0",0.45,5.82,75.18,5.6,"4",95.99,16.85,336.84,9.78
"162",-7.42,"0",6.48,"0",0.56,6.86,74.05,2.1,"3",179.11,16.63,366.64,12.76
"163",10.48,"0",10.66,"0",0.59,7.47,65.85,5.3,"24",466.55,19.87,316.22,15.48
"164",18.24,"0",16.54,"0",0.5,5.37,89.78,4,"4",319.17,22.8,270.5,22.04
"165",21.52,"0",26.26,"0",0.77,5.36,109.8,-1.2,"24",662.74,21.93,301.35,22.01
"166",14.54,"0",10.56,"0",0.48,7.02,84.31,2.87,"24",385.64,22.47,207.01,12.57
"167",11.01,"0",10.88,"0",0.62,6.6,102.28,2.15,"24",441.68,14.95,201.68,16.46
"168",6.86,"52.5",2.17,"0",0.4,6.18,57.67,6.44,"5",419.4,17.31,346.51,7.58
"169",-6.8,"0",10.15,"0",0.63,7.46,67.15,3.63,"5",396.03,20.1,346.01,6.87
"170",12.24,"0",17.29,"0",0.58,5.89,69.35,4.78,"8",619.13,21.86,279.91,15.52
"171",-1.02,"0",7.7,"1",0.68,7.74,101.72,2.26,"3",191.62,14.62,279.66,5.01
"172",-14.18,"80",0.86,"0",0.42,7.32,39.95,5.83,"3",23.8,18.06,561.84,10.64
"173",0.94,"12.5",1.29,"0",0.42,6.58,53.51,7,"5",72.83,19.42,443.2,9.1
"174",-1.01,"20",2.5,"0",0.39,5.92,43.3,5.15,"4",289.94,18.28,412.3,13.11
"175",5.82,"0",11.49,"0",0.68,7.36,110.01,2.15,"6",397,14.69,181.68,14.52
"176",3.16,"0",21.35,"1",0.73,5.74,110.27,3.19,"4",377.51,17.47,344.27,13.24
"177",0.5,"80",-2.06,"0",0.36,7.09,43.67,8.56,"4",235.26,16.79,585.77,8.73
"178",4.48,"0",2.32,"0",0.5,6.64,92.17,4.22,"4",366.56,22.12,544.2,7.02
"179",8,"0",15.79,"0",0.57,5.43,31.42,4.5,"24",447.76,18.27,385.6,16.53
"180",11.68,"12.5",2.21,"0",0.42,6.25,39.98,6.28,"5",264.44,18.3,391.48,10.61
"181",-3.54,"40",7.17,"0",0.48,5.26,47.15,5.98,"4",429.61,16.85,373.06,17.82
"182",5.52,"0",11.86,"0",0.45,6.04,53.36,6.22,"5",408.01,19.56,396.14,16.16
"183",-13.04,"80",-0.33,"0",0.48,7.29,54.36,4.75,"3",214.38,15.83,454.25,-2.77
"184",14.25,"0",12.64,"0",0.61,7.09,73.87,5.03,"24",710.64,17.15,199.56,11.01
"185",-7.67,"35",3.84,"0",0.35,6.29,42.72,5.73,"4",176.43,20.69,452.04,7.79
"186",-4.99,"40",6.85,"0",0.44,6.41,40.23,6.6,"4",204.22,17.67,422.9,9.11
"187",8.27,"0",22.55,"0",0.82,5.16,107.69,1.89,"24",632.33,19.95,259.69,30.33
"188",6.73,"0",13.87,"0",0.58,7.01,82.94,3.72,"6",467.05,16.97,282.1,13.87
"189",12.42,"0",10.76,"0",0.55,5.66,35.52,2.26,"5",370.94,17.08,363.11,12.67
"190",-0.09,"0",12.92,"0",0.58,6.56,51.1,3.99,"24",509.3,19.29,394.65,4.79
"191",0.75,"22",10.69,"0",0.35,5.76,57.45,6.09,"4",259.41,16.61,349.26,13.79
"192",3.68,"0",2.56,"0",0.43,6.07,24.19,5.95,"5",452.71,20.28,308.79,4.44
"193",1.08,"20",10.73,"0",0.43,6.88,59.27,5.91,"4",453.37,14.82,446.65,3.54
"194",14.87,"0",8.79,"0",0.49,6.29,45.18,2.58,"7",361.56,19.12,352.33,12.23
"195",-6.86,"70",2.07,"0",0.42,6.89,62.84,5.59,"3",197.44,15.31,295.56,-0.87
"196",2.31,"0",9.32,"1",0.47,7.39,55.92,5.48,"4",208.07,15.25,321.39,4.84
"197",9.09,"0",14.23,"0",0.61,6.77,95.86,2.11,"7",497.2,20.14,320.11,13.85
"198",17.71,"0",11.71,"0",0.51,6.64,76.24,5.02,"24",716.88,21.25,170.26,16.93
"199",-1.64,"12.5",8.27,"0",0.34,5.23,64.13,3.21,"4",213.08,20.38,417.18,23.14
"200",7.23,"22",7.89,"0",0.39,6.13,56.63,3.61,"8",403.19,20.83,435.9,12.22
"201",3.24,"0",4.59,"0",0.52,7.02,34.59,3.77,"4",218.39,19.84,436.71,2.97
"202",-0.56,"0",16.16,"0",0.7,6.34,76.85,3.14,"24",438.21,18.03,312.42,16.69
"203",10.35,"0",23.2,"0",0.55,6.42,79.19,1.75,"5",522.58,20.64,325.39,16.59
"204",-1.73,"0",16.91,"0",0.75,5.6,125.23,0.66,"8",576.48,20.41,428.01,25.32
"205",9.99,"0",20.24,"0",0.75,6.13,88.13,2.99,"5",401.67,20.14,404.43,25.2
"206",5.31,"0",13.69,"0",0.47,6.24,57.7,2.57,"24",398.85,20.42,379.21,11.9
"207",9.2,"0",6.88,"0",0.69,7.54,81.36,0.87,"24",491.21,14.36,313.49,13.03
"208",-8.89,"95",-1.95,"0",0.26,7.35,3.03,7.75,"4",288.09,14.21,416.95,1.22
"209",-3.19,"20",4.69,"0",0.45,6.31,39.33,7.06,"5",325.86,19.72,452.18,14.2
"210",5.55,"0",3.85,"0",0.51,5.63,107.17,1.86,"5",432.75,19.17,410.08,20.68
"211",11.43,"34",4.63,"0",0.42,6.68,30.03,4.71,"24",546.87,20.07,406.73,5.13
"212",20.47,"0",13.84,"0",0.59,5.68,61.49,2.99,"24",606.49,18.41,368.05,10.91
"213",0.5,"0",15.68,"0",0.55,6.55,62.44,3.74,"5",480.69,16.9,361.9,17.04
"214",6.27,"0",17.17,"0",0.76,4.81,94.2,3.64,"6",473.62,16.71,240.82,28.5
"215",0.9,"0",20.34,"0",0.71,5.58,95.67,3.67,"4",481.87,21.1,298.14,19.25
"216",-17.84,"0",9.9,"0",0.45,7.36,55.91,5.15,"1",195.7,18.41,347.46,11.64
"217",-0.01,"0",20.71,"0",0.54,5.78,70.99,2.86,"7",572.29,22.37,536.63,2.78
"218",2.35,"0",7.82,"0",0.37,7.05,12.86,3.96,"4",213.31,17.33,248.41,1.22
"219",-4.51,"0",7.71,"0",0.45,6.18,61.16,6.1,"4",328.86,18.38,213.21,13.44
"220",-3.49,"0",8.38,"0",0.61,6.03,75.26,2.62,"4",103.94,16.83,283.32,11.83
"221",6.3,"0",12.43,"0",0.55,5.01,74.65,3.93,"24",460.07,18,392.36,18.76
"222",12.39,"0",4.55,"0",0.5,6.37,78.12,2.87,"5",385.04,20.38,350.33,19.89
"223",5.62,"0",14.47,"0",0.53,5.39,89.52,3.76,"24",372.22,18.95,317.11,25
"224",5.74,"0",11.47,"0",0.52,6.16,99.2,3.95,"5",228.85,17.41,185.39,10.87
"225",11.55,"0",16.96,"0",0.74,5.78,118.48,0.31,"8",472.27,17.75,428.42,20.48
"226",-2.88,"25",15.05,"0",0.55,6.96,30,5.13,"6",420.61,16.29,320.33,-1.74
"227",14.21,"0",12.2,"0",0.6,7.25,66.77,3.64,"24",517.99,17.16,250.21,13.17
"228",-9.84,"90",-0.28,"0",0.37,6.9,31.31,6.34,"4",373.66,18.8,544.42,-2.4
"229",6.36,"12.5",4.1,"0",0.55,6.36,67.48,6.16,"24",439.64,16.76,314.93,21.71
"230",10.85,"0",21.96,"0",0.69,5.37,83.52,1.87,"5",646.7,18.92,326.63,19.61
"231",-5.22,"0",3.96,"0",0.48,6.63,28.18,6.43,"2",160.97,16.98,380.11,6.02
"232",0.72,"0",9.79,"1",0.54,6.36,73.19,4.03,"5",336.9,16.4,369.58,10.62
"233",6.2,"20",9.49,"0",0.53,6.01,76.51,4.81,"24",674.74,21.23,305.49,17.16
"234",5.88,"22",-0.84,"0",0.43,7.57,46.97,4.12,"4",264.64,17.1,379.12,-0.8
"235",16.81,"0",20.35,"0",0.61,6.06,111.98,2.49,"24",684.83,20.42,326.8,16.51
"236",7.25,"0",13.21,"0",0.65,6.28,87.94,1.77,"8",500.64,21.98,412.61,10.88
"237",-9.24,"95",-5,"0",0.23,7.76,-10.02,10.4,"2",18.01,18.16,511.11,-8.75
"238",2.41,"0",5.55,"0",0.68,6.2,95.75,1.61,"4",214.15,19.45,418.32,23.02
"239",3.27,"22",8.11,"0",0.48,6.51,35.5,6.31,"7",317.7,17.29,357.93,11.46
"240",13.91,"0",10.67,"0",0.56,7.31,82.99,4.39,"24",402.74,18.06,382.64,1.83
"241",-6.99,"75",3.26,"0",0.48,7.77,58.46,6.38,"4",255.19,14.88,451.74,-3.04
"242",-7.2,"12.5",17.44,"0",0.44,6.3,31.63,5.46,"2",343.74,17.44,516.95,8.88
"243",-16,"100",-9.49,"0",0.21,7.81,-15.1,10.75,"4",80.17,15.53,430.7,-0.18
"244",8.8,"0",15.36,"0",0.7,5.49,93.69,3.68,"4",317.9,17.66,406.3,11.63
"245",5.07,"0",14.77,"0",0.54,6.43,106.64,1.52,"5",379.18,21.02,427.65,17.34
"246",1.56,"20",0.63,"0",0.5,7.2,35.15,6.18,"5",287.65,18.07,322.94,0.2
"247",-8.53,"21",18.4,"0",0.69,5.1,108.4,2.48,"24",586.81,18.52,473.69,12.24
"248",10.19,"0",22.04,"0",0.55,6.54,87.69,2.26,"5",501.66,18.76,430.68,13.94
"249",22.1,"0",24.81,"0",0.78,5.39,106.36,-0.15,"24",857.82,20.37,253.24,19.97
"250",-3.15,"30",6.99,"0",0.52,5.93,70.34,3.91,"7",259.83,19.6,455.15,8.58
"251",23.5,"0",17.9,"0",0.6,5.28,70.2,0.2,"8",563.5,21.53,301.99,21.96
"252",19.71,"0",25.49,"0",0.78,5.64,122.84,-0.74,"24",799.08,17.96,297.47,28.82
"253",6.66,"0",10.5,"0",0.58,7.13,86.25,1.64,"5",276.7,16.63,460.65,10.39
"254",16.4,"0",11.11,"0",0.72,5.82,97.01,2.42,"24",651.15,19.36,513.05,24.17
"255",13.25,"0",6.91,"0",0.41,5.42,33.36,5.44,"6",371.21,15.39,294.98,17.88
"256",-3.79,"0",14.72,"0",0.6,5.81,97.4,2.08,"6",396.26,20.85,375.3,12.84
"257",5.39,"0",4.99,"0",0.52,6.63,77.25,2.32,"3",174.24,14.26,508.69,11.07
"258",-5.14,"34",3.78,"0",0.46,6.81,21.87,6.44,"4",133.14,13.91,378.83,8.79
"259",-2.68,"45",5.23,"0",0.35,6.31,22.93,4.83,"4",255.8,19.5,433.46,1.26
"260",23.93,"0",23.84,"0",0.8,6.87,126.57,0.3,"24",647.68,18.03,389.4,15.05
"261",12.25,"0",16.15,"0",0.72,5.85,112.25,1.42,"24",526.42,19.95,472.91,16.3
"262",-3.56,"0",10.07,"0",0.55,5.12,27.88,5.99,"4",495.9,20.92,426.39,14.91
"263",-0.44,"0",3.85,"0",0.46,7.74,31.7,3.38,"3",214.14,18.08,378.58,-4.72
"264",-0.4,"0",22.74,"1",0.76,7.08,114.03,-0.03,"5",470.27,17.15,420.16,9.21
"265",9.42,"0",21.8,"0",0.74,6.07,99.02,0.89,"24",619.77,21.21,362.16,25.17
"266",-13.39,"0",7.59,"1",0.59,6.15,39.76,4.02,"1",33.17,15.74,575.23,0.92
"267",6.5,"35",6.12,"0",0.56,5.76,43.55,4.36,"24",488.11,17.54,321.42,17.33
"268",9.21,"0",15.42,"0",0.68,5.15,104.74,1.12,"5",513.46,18.35,262.49,28.82
"269",21.64,"0",12.57,"0",0.47,6.79,73.31,3.78,"24",535.2,20.34,224.85,17.8
"270",14.77,"0",10.75,"0",0.56,6.37,126.94,5.07,"24",483.99,20.67,379.08,19.02
"271",15.67,"0",18.68,"0",0.73,4.57,93.07,-0.53,"24",516.12,22.03,323.27,25.96
"272",5.13,"0",12.23,"0",0.5,6.78,69.8,3.44,"24",448.94,21.47,313.24,6.06
"273",-11.9,"95",-2.71,"0",0.26,6.74,11.76,6.58,"1",102.24,16.14,593.26,-8.46
"274",11.6,"0",26.29,"0",0.71,5.61,107.06,0.4,"5",545.29,16.68,227.73,25.3
"275",8.1,"0",5.99,"0",0.43,7.58,55.91,6.25,"5",421.23,22.2,265.62,4.95
"276",9.25,"0",18.95,"0",0.7,6.47,84.81,1.81,"24",640.84,19.47,171.53,22.56
"277",4.3,"40",7.84,"0",0.49,6.05,54.42,7.01,"5",380.08,14.03,439.93,10.96
"278",2.38,"0",13.71,"1",0.63,5.9,89.57,2.22,"24",476.1,21.21,386.51,14.29
"279",17.94,"0",23.93,"0",0.74,6.06,119.79,-1.04,"24",774.16,18.42,276.87,19.64
"280",-2.21,"0",20.1,"0",0.73,6.28,102.78,1.63,"5",517.25,18.73,384.65,13.9
"281",-7.94,"0",7.63,"0",0.46,6.35,35.52,6.22,"3",409.86,21.51,367.55,8.9
"282",2.6,"21",6.47,"0",0.45,6.16,45.13,6.02,"5",186.6,16.46,227.13,5.45
"283",6.21,"0",6.23,"0",0.42,5.77,64.13,5.54,"5",242.48,18.26,378.01,14.64
"284",11.88,"0",21.84,"0",0.67,5.84,117.93,0.66,"24",505.93,16.51,240.72,17.69
"285",2.18,"75",-2.54,"0",0.51,6.1,50.92,5.7,"5",447.57,17.73,383.5,10.21
"286",-6.04,"30",2.74,"1",0.44,6.75,29.94,6.61,"5",214.63,17.56,367.87,6.28
"287",2.08,"0",17.68,"0",0.63,6.48,72.69,1.29,"4",440.81,18.56,407.48,10.92
"288",10.56,"0",5.2,"0",0.47,7.41,66.4,4.97,"8",433.13,17.89,381.11,12.77
"289",16.97,"0",16.42,"0",0.75,6.18,106.28,1.07,"24",616.87,20.5,292.82,25.54
"290",-15.43,"80",-8.62,"0",0.37,7.96,-9.7,7.3,"1",131.27,16.24,443.24,-10.57
"291",-7.17,"0",5.25,"0",0.39,6.2,58.1,7.13,"4",323.62,20.74,406.63,6.23
"292",-8.97,"22",13.19,"0",0.63,7.15,87.9,3.83,"5",457.64,16.72,441.53,9.64
"293",14.46,"0",13.04,"0",0.72,7.03,83.88,2.26,"24",499.77,17.13,346.98,15.06
"294",4.16,"0",12.54,"0",0.52,6.51,38.11,3.76,"24",525.09,19.9,301.02,10.39
"295",3.48,"0",0.31,"0",0.41,6.14,37.61,7.71,"3",282.32,17.16,271.98,8.56
"296",-4.25,"0",16.24,"0",0.69,6.69,94.27,3.25,"4",385.88,16.71,388.78,5.37
"297",12.15,"0",16.36,"0",0.71,4.55,81.35,2.79,"24",595.04,19.37,389.63,24.21
"298",7.5,"0",7.54,"0",0.63,6.17,111.23,2.52,"5",302.42,19.98,452.17,18.11
"299",-5.06,"22",10.57,"0",0.45,7.16,57.02,4.15,"4",482.94,15.84,408.75,7.28
"300",11.82,"0",6.81,"0",0.33,5.79,34.48,6.01,"5",311.09,20.58,314.6,13.65
"301",3.2,"0",6.38,"0",0.44,6.52,35.15,4.8,"5",271.36,18.86,360.81,5.94
"302",8.97,"0",14.83,"0",0.54,6.19,100.39,3.13,"5",331.81,20.17,344.08,10.77
"303",-4.46,"20",5.86,"0",0.49,5.98,76.46,4.29,"2",-24.87,13.91,373.38,15.02
"304",14.74,"0",26.49,"0",0.83,5.03,115.44,-0.29,"24",699.05,23.72,460.17,22.33
"305",-5.23,"0",9.53,"0",0.53,5.71,79.23,5.54,"3",351.7,20.17,322.07,15.54
"306",-6.4,"0",11.29,"0",0.63,6.72,63.57,2.78,"4",412.19,19.47,353.66,10.55
"307",13.76,"0",21.64,"1",0.78,6.65,105.55,1.99,"24",695.44,18.91,116.78,18.87
"308",3.87,"0",21.05,"0",0.57,5.01,64.27,2.97,"4",502.02,19.45,368.94,20.73
"309",19.62,"0",16.83,"0",0.57,5.92,70.72,3.5,"24",570.98,17.53,144.84,18.56
"310",1.8,"0",10.35,"0",0.63,5.76,55.4,3.5,"4",296.75,18.08,472.91,11.57
"311",-0.55,"0",9.55,"0",0.61,5.67,98.67,4.16,"1",189.75,15.53,324.27,16.49
"312",19.12,"0",12.73,"0",0.6,6.77,91.03,0.42,"8",586.98,18.88,324.24,8.78
"313",12.3,"0",23.18,"0",0.79,6.08,136.77,-0.8,"8",691.35,18.69,194.47,19.09
"314",-8.06,"80",4.54,"0",0.4,6.46,54.3,7.54,"5",217.6,20.05,509.97,1.04
"315",9.58,"0",15.13,"0",0.59,6.76,32.75,5.64,"24",654.37,14.21,385.05,18.46
"316",-2.68,"80",4.17,"1",0.52,7.44,50.84,5.22,"24",239.84,14.82,550.55,3.55
"317",13.38,"0",15.68,"0",0.62,5.97,104.81,2.75,"24",564.95,21.42,274.96,18.03
"318",5.06,"0",8.07,"0",0.5,6.32,56.44,5.56,"5",228.4,17.64,279.46,14.51
"319",13.93,"0",11.57,"0",0.69,5.64,49.98,4.01,"8",531.11,19.75,307.03,16.3
"320",10.06,"33",-1.86,"0",0.37,5.52,34.34,5.99,"5",339.3,19.56,452.89,16.37
"321",-18.03,"82.5",-0.85,"0",0.33,6.62,30.31,7,"4",35.78,18.23,444.18,5.5
"322",-2.42,"0",9.86,"0",0.57,5.99,40.55,6.76,"4",184.27,18.49,464.64,4.27
"323",1.56,"0",16.42,"0",0.62,5.83,56.5,2.06,"2",363.05,18.12,402.9,18.58
"324",0.97,"0",13.71,"0",0.52,5.97,85.28,5.1,"4",383.46,18.53,404.81,14.62
"325",5.42,"0",6.91,"0",0.49,5.92,68.29,5.41,"5",224.53,20.11,339.35,14.38
"326",11.5,"0",4.15,"0",0.58,6.27,84.33,5.66,"24",479.81,19.23,324.02,5.51
"327",18.58,"0",12.17,"0",0.6,7.24,98.18,1.89,"24",620.71,16.32,292.36,15.34
"328",-11.29,"0",15.35,"0",0.59,5.74,77.21,3.31,"1",309.39,18.54,357.97,8.04
"329",-6.15,"0",10.35,"0",0.56,6.58,91.09,3.08,"5",313.24,17.78,456.71,8.61
"330",-1.72,"0",11.65,"0",0.48,6.41,72.66,4.51,"3",238.13,17.1,412.42,14.22
"331",5.55,"21",2.39,"0",0.57,6.59,62.41,5.51,"7",380.1,17.22,318.11,2.14
"332",-6.7,"55",5.37,"0",0.44,6.48,8.69,5.88,"4",219.58,16.71,416.21,6.72
"333",5.74,"0",12.31,"0",0.39,5.42,37.14,4.44,"4",328.77,15.78,273.29,14.03
"334",-10.66,"0",15.55,"0",0.62,6.02,104.87,0.6,"1",205.47,13.25,344.1,6.84
"335",-15.57,"0",15.07,"1",0.65,5.91,59.23,3.14,"3",330.56,16.39,452.87,9.9
"336",8.21,"0",10.52,"0",0.49,6.37,93.59,4.44,"5",201.79,21.81,387.84,9.79
"337",-6.35,"0",14.23,"0",0.52,6.19,71.77,3.11,"4",300.2,14.65,394.73,19.11
"338",-2.59,"0",11.56,"0",0.63,6.52,119.39,2.39,"6",476.23,17.82,370.94,15.55
"339",12.43,"0",16.16,"0",0.61,6.18,109.7,2.26,"24",566.04,19.06,136.16,18.28
"340",0.25,"0",18.99,"1",0.63,6.26,101.43,1.05,"7",655.63,18.16,350.85,11.27
"341",4.92,"0",8.39,"0",0.65,6.34,44.74,5.28,"5",321.95,17.65,422.52,12.85
"342",-5.37,"52.5",6.92,"0",0.46,6.67,24.95,4.21,"4",221.36,17.45,415.79,3.56
"343",-0.48,"0",5.89,"0",0.61,5.86,81.12,4.76,"4",350.31,17.16,391.82,17.52
"344",16.4,"0",5.95,"0",0.56,6.75,101.71,5.15,"24",501.44,19.78,284.23,15.67
"345",-5.71,"40",7.18,"0",0.54,6.14,68.5,5.2,"5",465.26,19.16,389.35,12.91
"346",-15.57,"25",14,"0",0.55,5.99,42.72,4.76,"4",450.42,18.73,434.92,8.97
"347",13.67,"0",12.09,"0",0.58,7.16,87.25,3.55,"24",534.57,19.86,290.06,16.81
"348",-12.45,"12.5",8.85,"0",0.53,6.33,42.17,4.23,"3",244.62,17.73,359.89,2.49
"349",-2.2,"0",17.13,"1",0.71,5.73,92.94,1.81,"24",428.62,21.09,466.02,17.35
"350",17.43,"0",25.3,"0",0.8,4.72,148.12,-0.89,"24",834.61,23.25,208.58,28.02
"351",13.2,"0",7.21,"0",0.5,7.08,61.33,4.4,"6",473.58,20.85,318.66,10.12
"352",7.92,"0",11.2,"1",0.65,6.27,76.81,3.69,"24",602.26,19.51,278.29,10.58
"353",6.67,"12.5",1.36,"0",0.55,6.97,61.91,4.65,"5",198.46,16.54,445.94,12.46
"354",12.55,"0",16.1,"0",0.76,6.37,91.75,3.34,"24",491.21,18.19,294.98,19.31
"355",-12.11,"82.5",5.08,"0",0.5,6.68,30.38,5.33,"4",393.06,16.32,467.72,3.79
"356",2.1,"25",1.37,"0",0.44,6.39,61.89,4.02,"5",202.59,16.22,398.62,12.76
"357",8.7,"0",22.43,"0",0.78,6.44,92.01,1.64,"24",658.57,19.74,250.59,15.71
"358",-2.72,"0",11.41,"0",0.5,5.53,54.4,4.33,"2",298.79,19.43,462.43,13.76
"359",-10.45,"80",-1.39,"0",0.35,6.76,9.09,8.02,"2",57.17,16.9,533.85,4.36
"360",8.53,"0",22.9,"0",0.86,4.72,114.64,-0.35,"24",657.94,21.06,287.95,24.48
"361",7.82,"0",13.37,"0",0.43,6.42,46.74,3.5,"5",277.04,17.8,234.16,17.35
"362",8.51,"0",10.26,"0",0.48,6.72,39.97,4.27,"24",585.12,20.43,414.02,10.71
"363",0.61,"55",2.68,"0",0.37,7.27,47.56,6.3,"5",317.97,18.82,349.14,0.71
"364",-9.24,"75",1.05,"0",0.5,6.73,5.68,6.28,"5",135.21,14.52,406.87,1.01
"365",-3.45,"20",5.94,"0",0.49,6.83,75.69,3.76,"2",387.98,18.77,468.11,10.52
"366",1.12,"0",10.16,"0",0.49,5.3,56.66,6.11,"4",392.48,21.02,422.5,18.27
"367",-1.76,"0",9.12,"0",0.56,6.52,63.28,4.21,"4",247.79,17.72,389.53,15.93
"368",5.73,"0",14.35,"0",0.62,7.14,89.82,3.2,"5",356.01,16.4,304.18,13.13
"369",12.43,"0",7.65,"0",0.49,6.71,63.86,3.83,"8",465.06,17.5,329.8,11.92
"370",21.34,"0",17.03,"0",0.74,5.69,112.18,2.96,"24",668.01,22.43,433.23,19.49
"371",-10.7,"85",0.53,"0",0.46,8.16,34.35,6.06,"3",364.27,15.34,414.82,-10.15
"372",13.13,"0",12.54,"0",0.5,5.87,58.66,2.06,"24",604.95,17.05,406.53,11.4
"373",-3.86,"0",8.77,"0",0.49,5.96,67.8,4.9,"4",205.17,16.45,360.27,13.52
"374",21.42,"0",16.43,"0",0.76,7.12,116.59,0.57,"24",466.76,18.9,183.45,12.32
"375",-4.35,"22",4.4,"1",0.45,6.76,42.52,5.61,"5",388.78,16.93,308.66,4.82
"376",9.6,"0",21.46,"1",0.63,6.48,103.92,-0.39,"24",568.83,19.56,324.57,12.35
"377",-3.33,"0",11.29,"1",0.54,6.15,90.91,5.01,"8",441.99,21.39,322.18,14.76
"378",-11.28,"33",8.99,"0",0.4,6.44,57.24,5.6,"4",287.76,21.77,485.03,17
"379",20.22,"0",12.95,"0",0.64,5.54,108.13,3.46,"24",752.2,22.56,308.81,23.63
"380",-21.76,"12.5",11.55,"0",0.49,6.85,64.09,2.95,"1",173.54,20.44,466.11,7.49
"381",7.08,"0",22.46,"0",0.6,6.14,71.53,3.83,"5",520.01,18.38,284.4,19
"382",-0.12,"0",9.45,"0",0.59,6.07,61.74,3.75,"4",434.48,16.7,373.1,11.59
"383",-4.02,"0",14.65,"0",0.4,5.1,36.14,4.66,"4",356.49,20.59,269.11,14.27
"384",6.3,"25",3.43,"0",0.37,6.29,-0.41,9.36,"4",218.62,17.09,327.64,1.11
"385",-3.7,"0",13.26,"0",0.56,6.7,66.94,1.55,"5",356.82,18.79,239.56,7.07
"386",19.83,"0",19.88,"0",0.73,5.9,120.77,-0.29,"24",423.69,19.4,283.31,20.35
"387",6.71,"0",12,"0",0.51,5.98,61.54,3.56,"5",358.2,20.01,246.24,13.01
"388",-9.49,"34",5.84,"0",0.38,6.73,7.36,9.06,"2",246.76,19.25,372.31,6.95
"389",-11.04,"90",-0.37,"1",0.48,8.26,40.86,6.98,"4",147.99,9.9,453.31,4.74
"390",-4.56,"0",17.79,"0",0.56,4.75,75.69,2.5,"4",394.12,20.77,284.26,19.87
"391",-2.29,"0",13.45,"0",0.67,6.33,93.95,3.31,"4",444.78,16.54,419.61,19.42
"392",5.64,"0",19.18,"0",0.67,6.59,109.24,2.38,"5",463.42,18.77,276.05,14.45
"393",8.47,"0",10.47,"0",0.62,6.07,74.81,2.02,"5",395.74,16.92,288.97,21.24
"394",22.43,"0",14.8,"0",0.61,5.39,101.31,2.68,"24",594.88,17.69,225.54,25.32
"395",4.05,"0",19.71,"0",0.72,5.69,74.16,0.91,"5",451.46,16.46,292.03,13.34
"396",11.84,"0",17.82,"0",0.74,5.9,82.28,3.12,"24",670.32,20.67,327.11,14.28
"397",-0.86,"22",8.25,"0",0.54,6.54,43.17,5.17,"5",319.66,17.15,405.48,6.03
"398",3.03,"0",10.39,"0",0.64,6.73,76.12,3.43,"6",561.83,17.83,334.07,13.29
"399",-9.2,"80",1.45,"0",0.4,6.44,31.25,7.17,"1",70.31,16.16,498.82,6.65
"400",-7.86,"80",-1.27,"0",0.36,7.23,4.51,6.93,"3",208.15,14.92,410.78,5.61
"401",12.68,"0",14.65,"0",0.68,5.25,97.12,2.17,"5",556.87,18.4,230.68,14.72
"402",-2.59,"0",12.31,"0",0.56,5.81,47.79,3.12,"4",302.55,15.92,361.06,14.94
"403",10.24,"0",7.7,"0",0.5,7.05,46.63,4.44,"5",352.97,19.71,385.26,7.27
"404",8.05,"0",15.1,"0",0.66,6.38,94.98,1.67,"5",519.6,19.66,384.09,22.46
"405",18.3,"0",24.53,"0",0.76,6.42,106.78,0.33,"24",760.64,22.39,359.52,22.18
"406",18.37,"0",15.32,"0",0.66,6.2,103.25,1.34,"24",565.23,19.15,273.47,16.6
"407",3.12,"0",14.22,"0",0.69,6.89,78.41,2.32,"24",531.44,17.46,321.24,16.22
"408",3.61,"0",14.57,"0",0.55,5.18,46.35,1.85,"24",500.82,20.44,385.19,10.41
"409",-12.31,"0",13.37,"0",0.58,6.24,81.94,4.16,"3",496.26,18.93,349.94,10.39
"410",-1.06,"0",11.35,"0",0.74,6.59,103.78,2.76,"24",488.12,17.43,375.56,8.26
"411",12.32,"0",15.09,"0",0.75,6.97,106.48,1.32,"24",606.04,17.03,332.56,16.48
"412",7.65,"0",12.15,"0",0.51,7.38,87.29,2.94,"7",602.55,17.69,429.49,6.57
"413",-9.61,"0",8.19,"0",0.5,6.24,68.03,5.43,"2",122.04,19.3,412.28,7.17
"414",6.49,"60",3.24,"0",0.43,6.51,60.98,4.32,"5",492.94,18.75,433.95,15.86
"415",-4.87,"60",-2.52,"0",0.35,7.04,21.29,5.79,"3",55.46,17.8,288.99,3.86
"416",11.66,"21",3.89,"0",0.56,6.25,47.35,3.63,"24",470.75,16.6,423.12,8.07
"417",14.63,"0",20.06,"0",0.68,5.81,98.51,1.78,"24",674.06,21.6,336.88,22.28
"418",12.78,"0",16.94,"0",0.62,5.41,88.22,3.88,"24",694.52,20.07,364.02,20.47
"419",2.97,"17.5",1.11,"0",0.53,7.4,69.53,4.59,"5",304.86,15.08,257.14,5.3
"420",-10.96,"0",1.12,"0",0.59,6.67,75.78,2.78,"1",142.73,15.83,355.03,14.28
"421",15.25,"0",26.41,"0",0.72,6.33,129.81,-0.53,"24",708.03,20.61,235.22,28.07
"422",4.24,"0",12.88,"0",0.53,5.59,73.5,2.55,"5",415.65,18.57,463.62,5.92
"423",12.39,"0",18.56,"0",0.61,5.54,93.99,3.88,"8",490.21,21.45,433.96,20.3
"424",3.29,"0",18.7,"0",0.57,6.16,107.99,3.13,"5",428.35,19.4,306.21,18.97
"425",-1.03,"20",0.41,"0",0.45,6.87,46.42,6.99,"2",79.49,16.44,360.48,11.15
"426",10.59,"0",8.11,"0",0.57,6.42,34.04,5.24,"6",421.82,19.41,242.03,12.21
"427",12.97,"25",3.36,"0",0.39,5.73,29.52,5.39,"24",451.59,21.17,460.3,8.16
"428",5.82,"0",6.17,"0",0.53,5.75,94.52,3.61,"5",487.29,21.82,395.94,22.56
"429",-8.36,"45",-2.3,"0",0.42,5.97,41.12,6.13,"1",173.41,16.25,404.19,13.74
"430",2.49,"0",17.6,"0",0.55,6.41,97.01,2.74,"5",570.67,18.11,361.72,13.23
"431",27.81,"0",24.2,"0",0.78,5.31,118.65,2.02,"24",692.9,21.25,226.4,23.02
"432",-5.11,"0",13.29,"0",0.62,5.37,61.43,1.83,"4",431.73,17.92,363.23,13.02
"433",7.81,"0",16.68,"0",0.58,6.24,106.01,2.24,"4",567.67,20.88,296.89,22.05
"434",22.61,"0",26.54,"0",0.81,6.05,109.02,-0.96,"24",569.21,17.34,310.45,20.85
"435",5.64,"20",6.62,"0",0.49,7.34,69.72,4.97,"5",311.98,18.92,434.33,1.75
"436",12.21,"0",15.63,"0",0.76,5.16,105.68,3.22,"24",644.08,20.02,231.3,26.98
"437",-1.05,"20",7.63,"0",0.5,6.42,48.99,4.66,"2",191.61,14.17,423.96,7.25
"438",4.97,"0",13.02,"0",0.54,6.8,83.34,3.25,"8",547.78,18.02,423.89,13.29
"439",1.51,"0",10.54,"0",0.65,7.13,85.19,2.64,"4",295.11,14.71,464.46,10.17
"440",5.54,"0",10.69,"0",0.68,7.45,118.33,-1,"5",393.09,19.18,338.64,16.05
"441",10.43,"22",6.37,"0",0.52,7.79,59.19,4.7,"24",341.7,17.1,435.43,-2.04
"442",6.6,"0",21.72,"0",0.81,5.58,92.72,0.5,"24",638.46,15.64,370.52,22
"443",-10.57,"20",9.73,"0",0.53,6.09,66.79,4.8,"4",323.62,18.79,341.15,9.64
"444",16.56,"0",10.37,"0",0.52,6.04,100.12,5.23,"6",439.98,18.98,370.81,16.99
"445",-12.29,"45",5.6,"0",0.38,5.91,57.18,4.73,"1",258.44,17.17,361.58,8.25
"446",0.91,"0",11.09,"0",0.56,5.91,81.47,4.77,"4",387.84,18.02,282.33,8.68
"447",18.07,"0",14.17,"0",0.64,5.17,139.52,2.04,"8",608.71,21.95,251.38,31.47
"448",11.24,"0",18.67,"0",0.79,4.98,112.7,-0.66,"24",625.24,19.77,270.62,23.68
"449",21.65,"0",25.3,"0",0.81,6.41,129.08,-0.5,"24",791.13,22.44,160.54,18.73
"450",7.83,"25",8.33,"0",0.49,6.79,53.88,4.5,"24",363.61,15.71,276.64,7.42
"451",-3.56,"12.5",7.3,"0",0.5,6.37,31.12,5.54,"4",220.11,15.17,348.21,15.13
"452",11.86,"0",18.74,"0",0.71,5.38,55.4,4.33,"24",658.73,17.83,261.65,19.5
"453",13,"0",17.62,"0",0.5,5.32,65.92,2.54,"5",531.34,23.21,306.94,13.85
"454",7.38,"0",10.27,"0",0.58,6.62,97.1,2.85,"7",403.02,18.78,500.2,16.04
"455",0.72,"0",14.57,"0",0.67,6.39,41.46,7.84,"5",310.05,16.24,317.88,16.9
"456",7.56,"0",15.76,"1",0.75,7.06,124.12,3.38,"24",487.77,16.53,397.95,13.42
"457",-2.56,"33",6.83,"0",0.59,7.26,46.47,4.34,"7",600.11,15.82,377.74,12.25
"458",-7.96,"0",15.3,"0",0.53,5.91,69.35,2.9,"2",166.03,21.36,302.77,13.5
"459",4.33,"0",7.07,"0",0.65,6.78,96.19,2.54,"5",523.61,20.13,436.25,9.7
"460",-2.14,"85",-9.98,"0",0.34,7.6,38.91,8.71,"2",44.84,16.71,450.64,-5.97
"461",16.08,"0",20.71,"0",0.65,5.11,97.41,2.4,"24",675.59,20.5,72.82,23
"462",31.74,"0",16.14,"0",0.67,6.59,77.26,2.88,"24",730.35,17.51,229.93,13.65
"463",9.33,"0",22.39,"0",0.55,4.76,84.6,4.06,"24",529.54,21.43,253.94,23.78
"464",-8.48,"0",2.73,"0",0.44,6.94,44.33,6.31,"3",192.71,18.08,208.77,12.9
"465",-10.9,"0",14.1,"0",0.52,6.89,90.36,3.48,"4",328.24,18.19,363.94,10.4
"466",5.72,"0",17,"1",0.64,5.43,73.67,3.61,"24",494.19,17.49,316.74,21.26
"467",-4.58,"0",21.35,"0",0.69,6.09,110.87,0.17,"24",692.51,18.19,456.33,28.21
"468",16.7,"0",8.98,"0",0.54,6.9,72.06,3.21,"6",437.83,18.28,350.34,9.04
"469",5.72,"0",15.73,"0",0.62,6.36,101.67,4.3,"24",635.58,22.91,249.29,20.06
"470",5.34,"0",10.52,"0",0.54,5.29,63.55,5.77,"24",501.53,21.78,518.83,10.68
"471",-6.37,"0",15,"0",0.51,4.69,75.58,4.41,"2",299.97,20.38,395.85,16.8
"472",9.87,"0",19.81,"0",0.72,6.51,122.28,1.95,"24",624.45,18.99,125.9,26.15
"473",4.55,"0",14.7,"0",0.57,6.55,78.22,2.08,"4",419.19,20.04,313.13,12.4
"474",-2.94,"0",21.41,"0",0.62,6.47,51.44,2.37,"5",591.89,18.56,351.48,15.21
"475",-13.26,"12.5",7.12,"0",0.54,6.3,72.95,3.97,"2",182.32,15.74,420.39,15.35
"476",4.52,"0",10.71,"0",0.61,6.79,102.68,1.59,"5",386.7,19.42,426.61,13.88
"477",5.01,"0",24.6,"1",0.71,6.57,91.87,1.98,"24",684.9,22.57,315.08,14.47
"478",0.28,"0",6.36,"0",0.56,6.12,54.04,3.35,"5",515.13,20.31,392.22,12.72
"479",-0.72,"25",9.31,"0",0.52,7.35,51.95,5.27,"5",560.71,20.89,360.34,7.13
"480",7.19,"0",21.21,"0",0.63,5.96,75.49,3.73,"24",748.72,24.69,102.64,27.39
"481",3.92,"0",9.17,"0",0.52,5.99,57.43,4.51,"4",273.25,21.05,353.22,15.28
"482",3.52,"0",8.24,"0",0.49,5.24,88.98,4.39,"4",278.36,19.08,287.75,22.48
"483",4.93,"0",15.94,"0",0.63,7.98,100.49,1.94,"5",436.12,18.26,298.59,0.11
"484",13.6,"0",21.22,"0",0.7,5.63,99.74,-1.05,"8",474.5,21.04,268.88,21.88
"485",3.64,"0",5.6,"0",0.4,6.46,11.93,6.27,"1",88.99,16.03,323.51,-6.45
"486",-0.26,"0",15,"0",0.67,6.97,86.33,4.62,"6",382.8,18.35,376.36,14.6
"487",20.64,"0",17.91,"0",0.64,6.4,67.06,2.66,"24",378.69,17.64,332.2,7.66
"488",1.63,"0",13.53,"0",0.61,6.09,48.47,4.31,"6",456.78,15.32,359.99,20.38
"489",12.64,"0",19.65,"0",0.73,7.09,73.74,1.41,"24",571.93,17.81,234.61,23.34
"490",-0.72,"0",11.04,"0",0.53,5.52,39.25,4.89,"4",436.99,20.11,521.29,9.92
"491",20.91,"0",26.42,"0",0.78,4.32,131.6,0.89,"24",795.52,24.43,201.56,38.15
"492",1.25,"0",15.43,"0",0.54,5.07,73.25,2.1,"5",447.46,17.81,263.87,14.7
"493",9.88,"0",5.48,"0",0.55,6.19,75.92,4.47,"5",481.11,17.87,222.65,23.31
"494",9.54,"0",9.63,"0",0.5,6,60.68,2.64,"5",303.52,19.25,234.99,17.54
"495",9.19,"0",17.64,"0",0.58,6.64,84.43,2.87,"24",704.26,21.12,160.27,13.1
"496",-8.09,"60",3.14,"0",0.49,7.4,72.01,3.84,"4",224.23,16.68,468.76,0.97
"497",1.2,"20",5.06,"0",0.45,6.54,44.89,3.69,"3",219.33,16.09,430.31,11.95
"498",5.22,"0",8.54,"1",0.41,7.29,39,5.35,"4",287.33,14.95,397.81,1.07
"499",-8.04,"0",11.02,"0",0.55,6.66,30.3,5.87,"3",291.23,17.45,362.51,7.87
"500",12.61,"0",19.42,"0",0.6,6.01,83.39,3.74,"24",480.38,19.64,429.96,20.09
"501",2.22,"0",6.56,"0",0.57,5.8,59.31,4.38,"7",346.18,19.24,356.9,6.19
"502",16.73,"0",20.23,"0",0.6,6.44,73.43,0.28,"5",558.88,21.66,495.57,11.71
"503",-8.68,"52.5",2.47,"0",0.36,6.42,45.79,6.21,"1",195.23,17.84,539.53,12.48
"504",1.82,"0",14.49,"0",0.8,6.96,124.93,0.26,"7",414.86,16.37,224.35,19.3
"505",12.6,"0",17.86,"0",0.74,5.69,86.74,1.27,"6",563.57,21.04,447.44,19.21
"506",22.02,"0",0.12,"0",0.43,7.27,70.47,3.6,"24",394.62,17.83,241.44,15.79
