CRIM,ZN,INDUS,CHAS,NOX,RM,AGE,DIS,RAD,TAX,PTRATIO,B,LSTAT,MEDV
12.27,0,26.26,0,0.78,5.74,114.03,1.2,7,605.53,18.79,359.51,17.25,5.96
-4.23,0,12.32,0,0.49,6.26,61.87,6.85,3,240.21,19.79,394.89,7.1,13.17
-4.18,0,10.17,0,0.58,6.63,60.29,3.01,4,376.86,15.75,294.69,8.89,35.41
12.15,0,12.65,0,0.5,5.16,84.29,4.85,24,551.65,18.72,287.37,18.49,14.73
-7.9,20,12.95,0,0.51,6.16,56.44,3.3,4,231.47,16.54,479.85,14.11,24.19
-0.41,0,14.81,0,0.68,5.14,114.38,1.96,5,493.24,20.12,365.26,15.85,6.7
6.83,0,6.79,0,0.53,7.39,61.41,3.77,3,194.88,14.56,368.55,3.57,31.22
1.36,40,7.47,0,0.47,7.21,57.19,3.58,24,422.62,17.37,496.41,2.43,39.4
-1.08,0,13.38,0,0.69,6.75,80.83,2.89,8,482.94,18.8,340.1,8.2,22.7
1.96,22,6.56,0,0.58,5.76,74.39,5.55,6,366.61,18.38,420.6,18.83,12.6
-4.25,90,-4.75,0,0.42,7.79,4.73,7.6,1,143.22,12.16,543.85,-3.79,34.44
8.6,0,15.72,0,0.64,7.12,80.75,4.27,5,544.61,20.62,252.53,17.62,17.32
6.08,0,19.53,0,0.63,7.77,81.7,5.74,4,291.47,19.24,332.65,9.76,28.06
-6.58,0,12.79,0,0.57,5.88,50.73,5.45,5,491.11,19.82,255.44,15.33,19.1
1.95,90,0.71,0,0.42,7.05,39.58,7.57,5,254.12,15.23,522.39,1.65,25.54
-17.59,90,-3.16,0,0.33,7.76,17.12,7.57,1,114.14,14.95,396.91,-0.78,38.34
4.34,0,13.21,0,0.67,6.23,78.14,1.64,6,529.98,16.26,317.99,14.81,13.24
-4.25,12.5,9.45,0,0.52,5.87,49.98,5.23,4,344.31,14.29,353.69,12.17,27.09
-12.52,95,-1.27,1,0.43,7.8,-7.59,6.57,1,62.59,11.66,624.35,-0.03,37.72
-11.11,20,7.99,0,0.35,6.6,49.37,4.31,1,143.83,18.42,465.91,-0.41,40.82
5.14,0,14.05,0,0.44,5.76,47.09,5.86,24,479.12,18.58,148.45,26.74,14.71
5.14,0,7.75,0,0.59,6.64,39.51,3.46,5,437.75,16.26,372.56,9.36,34.06
-4.8,0,12.82,0,0.49,6.86,18.37,7.22,3,452.8,19.04,368.11,8.66,28.03
1.23,0,13.69,0,0.66,6.11,108.09,2.35,24,554.37,20.07,390.55,15.94,29.27
-6.82,0,18.54,0,0.56,5.57,55.77,2.56,6,462.69,19.48,227.22,20.14,18.02
21.19,0,18.75,0,0.67,5.6,161.73,0.6,24,480.58,18.56,371.68,29.24,22.46
9.83,0,19.56,0,0.75,6.36,95.03,0.75,8,658.3,22.66,407.39,17.17,21.58
5.8,0,21.94,0,0.7,6.17,85.59,0.33,24,680.12,19.33,327.15,8.59,23
12.25,0,14.33,0,0.6,6.87,74.3,2.1,24,465.48,19.73,267.82,12.14,21.53
5.54,0,14.21,0,0.67,6.81,115.08,1.87,24,460.42,19.04,374.03,19.58,18.26
1.36,0,7.97,0,0.56,5.54,82.09,5.42,5,496.79,20.99,408.18,11.72,20.1
10.67,0,17.17,0,0.64,7.28,86.85,3.61,6,485.12,14.6,243.37,12.07,29.87
-2.86,80,4.22,0,0.55,5.82,57.89,5.22,5,364.35,17.25,549.56,8.58,20.11
20.79,0,10.32,0,0.48,5.13,73.53,5.87,8,539.11,24.84,252.57,27.13,-3.99
7.11,0,14.14,0,0.47,6.92,51.97,4.96,5,431.92,17.61,371.55,11.01,20.42
-3.39,0,13.11,0,0.59,6.58,79.14,2.97,5,520.86,19.7,203.22,11.64,32.15
-6.29,80,2.96,0,0.4,6.39,31.53,5.7,5,358.72,17.9,334.05,3.74,30.24
15.78,0,5.44,0,0.44,6.28,28.15,5.06,5,459.29,20.73,205.96,10.95,14.91
1.33,0,14.5,0,0.56,7,69.95,5.09,2,366.4,17.07,487.27,13.69,31.24
5.58,30,2.69,0,0.44,5.67,66.3,5.99,4,294.92,17.64,586.19,18.44,14.22
5.75,0,17.6,0,0.62,6.87,93.96,2.23,7,433.21,18.84,302.87,12.32,21.91
6.42,0,12.6,0,0.62,5.95,85.87,2.5,5,373.02,16.77,346.98,13.46,22.55
4.28,20,9.9,0,0.63,6.11,31.56,5.68,24,581.69,16.2,414.14,14.31,24.05
0.73,0,15.1,0,0.59,5.52,89.4,3.02,5,194.44,18.91,307.48,14.35,31.49
9.94,0,10.72,0,0.5,7.07,73.7,4.37,5,532.66,18.82,364.13,12.12,27.63
3.89,0,22.24,0,0.65,6.22,92.64,0.24,5,497.48,18.09,262.57,14.87,22.14
14.94,0,12.2,0,0.64,6.24,89.41,1.94,24,510.43,19.92,414.36,6.89,23.55
-10.84,0,3.39,0,0.55,5.82,72.2,4.44,1,97.65,17.08,357.42,14.72,35.44
4.57,0,12.83,0,0.6,5.64,51.01,3.05,24,554.29,18.03,406.84,14.99,24.44
0.16,0,13.17,0,0.6,5.61,93.37,3.54,4,604.79,19.83,329.33,18.66,13.15
-5.91,25,1.86,0,0.47,7.38,56.2,6.28,2,76.55,16.4,502.22,0.24,40.1
6.88,20,1.96,0,0.5,6.59,44.47,4.21,24,310.65,20.75,431.44,2.86,26.34
5.09,0,15.34,0,0.6,6.54,61.38,2.85,4,348.26,18.26,409.14,5.54,17.66
-1.65,60,3.29,0,0.33,6.7,40.41,8.13,3,193.9,16.93,555.04,3.1,35.23
25.31,0,28.33,0,0.76,4.81,102.14,0.39,24,977.4,25.16,218.01,20.56,7.28
9.78,0,11.99,0,0.49,4.83,81.38,2.93,4,383.69,20.97,421.49,22.81,10.02
2.17,0,21.1,0,0.83,6.31,118.93,0.06,5,475.68,17.52,365.38,10.33,11.34
15.78,0,26.26,0,0.76,6.51,117.48,0.18,24,643.29,19.25,248.45,26.66,19.29
4.73,0,10.59,0,0.56,5.69,78.44,2.2,5,450.84,21.76,395.17,14.6,14.52
8.15,0,16.06,0,0.52,5.37,84.82,3.41,24,615.93,21.13,268.06,23.49,7.57
15.44,0,11.18,0,0.54,6.25,73.66,3.7,24,535.55,17.66,326.52,11.17,16.7
7.05,0,17.27,0,0.62,6.62,66.3,2.4,5,605.28,18.54,401.68,15.67,16.83
1.13,0,10.72,0,0.48,5.96,14.49,5.33,5,477.64,17.67,352.33,14.6,30.55
6.14,0,14.31,0,0.62,6.44,55.66,2.32,24,446.96,15.06,335.96,11.11,29.23
18.1,0,20.31,0,0.83,5.75,134.92,-0.66,24,542.3,14.68,281.08,18.57,17.47
1.55,0,2.47,0,0.45,6.64,83.94,6.54,2,138.23,18.87,376.3,8.41,21.1
5.7,0,16.91,0,0.63,5.47,106.87,1.82,5,487.36,21.34,335.5,19.63,15.14
-3.82,45,0.43,1,0.42,6.97,54.28,8.08,4,202.26,14.89,391.51,1.83,36.87
7.53,0,12.59,0,0.48,5.37,53.16,4.38,24,594.95,21.69,284.75,18.52,7.59
4.22,0,19.02,0,0.63,6.27,57.33,2.33,3,593.31,21.31,308.49,12.19,14.61
4.07,0,9.96,0,0.62,6.13,67.5,3.8,4,347.18,17.8,305.91,11.98,25.11
0.85,0,8.79,0,0.57,7.01,55.3,5.9,24,421.51,19.18,255.04,11.82,18.73
0.93,25,7.81,0,0.41,6.84,57.91,4.64,4,298.9,18.33,400.09,1.93,33.46
14.17,0,12.74,0,0.7,5.24,60.59,3.37,24,518.88,18.07,188.5,14.31,16.31
2.83,0,13.33,0,0.48,6.74,60.63,5.12,3,255.9,21.24,354.83,4.16,34.8
-13.16,70,3.88,0,0.41,7.5,83.42,5.11,2,119.12,14.56,343.5,-5.19,42.67
10.17,0,15.27,0,0.69,4.71,106.13,2.97,24,447.35,20.44,308.77,28.94,1.79
25.83,0,14.84,1,0.63,6.9,120.17,0.75,24,749.72,22.3,319.02,13.32,12.59
4.29,12.5,2.51,0,0.4,6.47,51.5,5.94,5,336.22,19.03,325.9,18.99,17.48
0.49,0,23.08,1,0.66,6.5,106.87,-0.11,24,598.26,17.74,224.34,5.37,23.71
-7.47,0,11.49,0,0.43,5.8,79.4,5,1,371.53,25.51,468.96,21.82,7.61
9.51,0,5.68,0,0.49,5.87,47.75,6.52,4,369.12,16.83,350.41,7.28,27.7
5.92,0,13.93,0,0.66,6.02,37.55,3.61,24,655.49,16.35,244.65,12.61,28.66
-2.24,0,5.34,0,0.49,5.88,52.22,5.49,2,196.57,18.07,481.05,4.62,21.94
8.93,0,15.47,0,0.59,5.49,71.81,3.04,24,486.39,21.32,434.49,18.31,10.67
8.06,25,12.07,0,0.42,6.78,63.2,3.27,24,554.65,16.06,317.45,13.21,32.23
-8.32,0,5.31,1,0.48,5.84,86.83,5.57,5,174.65,18.91,282.95,7.48,25.2
7.41,0,13.28,0,0.58,6.22,53.55,6.01,24,378.11,18.56,281.84,8.06,21.09
2.79,0,12.78,0,0.49,5.24,54.41,4.18,24,536.93,21.37,355.59,22.95,7.29
-13.45,0,8.83,0,0.57,7.18,68.64,3.17,2,322.46,18.64,300.35,13.15,18.64
6.88,28,3.41,0,0.34,6.17,31.67,7.6,24,500.37,19.82,248.22,9.09,21.15
-1.75,18,8.57,0,0.52,6.61,62.52,4.8,4,328.54,18,417.15,7.85,27.67
2.89,0,15.52,0,0.54,5.97,84.99,3.72,1,255.27,18.9,300.4,6.53,22.99
9.58,0,9.38,0,0.52,7.07,35.23,4.86,8,459.8,19.73,333.5,2.85,28.93
-0.26,0,9.64,0,0.55,6.18,69.74,5.4,2,240.52,16.39,306,10.09,25.96
5.3,0,8.45,0,0.64,5.6,91.36,4.47,24,412.25,18.42,239.92,22.73,17.66
-5.35,52.5,2.69,0,0.43,6.67,1.82,6.95,4,144.23,15.41,483.89,3.05,33.69
3.5,0,14.5,0,0.6,6.91,91.03,3.4,24,368.49,15.64,428.8,7.02,31.92
3.07,80,3.8,0,0.3,5.97,48.78,6.72,5,445.88,16.76,373.25,11.7,24.34
5.26,0,18.09,0,0.71,6.67,107.61,1.97,3,344.11,19.98,346.68,11.82,19.55
-7.93,22,8.03,0,0.51,7.24,38.83,5.75,3,367.45,17.76,401.03,7.19,30.19
10.72,0,17.45,0,0.65,6.46,110.99,2.06,24,691.35,21.36,357.81,16.53,23.5
-17.31,80,0.63,0,0.42,6.5,38.34,5.96,3,110.79,17.35,396.96,1.44,31.91
7.21,0,5.45,1,0.59,7.63,72.25,4.5,24,462.36,15.04,174.72,13.86,33.79
1.7,30,8.94,0,0.48,6.1,78.02,4.15,5,432.07,18.5,402.59,12.39,12.2
14.3,0,5.27,0,0.5,6.01,74.28,3.16,24,408.08,20.83,344.12,18.1,8.21
3.13,0,10.9,0,0.5,7.28,71.19,2.69,7,396.54,17.73,335.75,11.13,37.13
-7.44,70,1.98,0,0.46,5.57,27.33,7.45,4,290.02,15.94,357.11,5.1,20.22
12.84,0,13.39,0,0.69,6.87,86.34,0,5,520.13,18.52,302,15.52,26.62
11.81,0,12.44,0,0.59,6.3,93.16,2.45,7,435.44,20.22,422.13,17.26,16.84
11.7,0,20.57,0,0.67,6.24,89.77,2.16,7,608.41,17.79,286.61,15.73,24.75
6.55,0,9.46,0,0.54,6.42,59.09,5.43,5,365.21,17.5,402.01,11.63,22.33
23.5,0,13.41,1,0.53,5.64,85.97,3.41,24,390.62,19.02,487.04,18.22,15.53
8.26,0,12.1,0,0.52,5.78,96.76,2.05,24,629.56,20.94,268.27,18.59,13.24
-0.97,0,17.08,0,0.68,5.17,99.71,0.51,4,514.84,17.28,338.79,18.73,18.04
12.34,0,17.91,0,0.62,5.54,64.91,3.21,24,457.34,20.59,236.03,21.58,11.56
-6.32,0,12.68,0,0.61,6.84,49.62,5.6,2,434.59,16.9,463.6,11.75,19.83
9.02,0,11.67,0,0.53,7.35,53.73,3.84,24,381.62,16.9,338.13,4.64,36.86
-13.1,60,8.09,0,0.51,5.77,55.11,5.93,4,360.43,20.3,579.47,8.41,18.33
4.39,0,8.93,0,0.57,6.74,108.53,2.84,3,318.93,18.4,446,12.84,19.12
-1.83,0,12.69,0,0.64,5.54,66.22,4.54,4,271.83,15.84,325.68,7.48,21.63
11.41,0,9.61,0,0.56,5.9,62.82,5.3,4,452.2,17.24,425.18,18.18,13.28
8.95,0,21.52,0,0.69,7.13,90.12,0.18,24,656.09,18.89,281.14,14.48,30.88
10.88,0,17.42,0,0.64,5.99,80.39,3.47,24,680.08,21.13,220.97,17.81,7.49
-0.8,0,9.08,0,0.58,5.33,59.55,6.32,5,350.21,15.99,375.52,16.02,13.32
13.19,0,15.8,0,0.65,4.76,62.48,3.61,5,376.98,17.73,295.82,20.81,4.48
5.08,34,4.82,0,0.37,6.9,37.61,6.9,8,242.13,19.85,371.07,6.87,24.78
-1.83,0,5.19,0,0.53,6.32,81.07,4.31,4,283.15,17.04,328.52,20.22,21.33
2.14,22,2.38,0,0.38,7.36,2.77,6.2,4,203.38,18.29,375.76,5.73,25.99
-0.45,0,13.41,0,0.54,4.28,107.22,3.22,3,406.09,18.1,475.66,19.25,8.88
-7.51,75,4.2,0,0.54,6.94,14.71,5.25,4,15.7,11.94,436.72,-2.31,36.17
-3.42,0,12.84,0,0.58,4.64,45.15,5.03,4,336.1,17.95,304.14,10.35,17.89
10.33,0,8.89,0,0.54,6.68,17.8,6.31,4,279.24,16.27,356.42,6.55,31.63
-2.65,0,14.31,0,0.48,6.38,79.72,4.23,8,495.11,18.62,252.92,15.96,25.55
13.62,0,9.72,0,0.63,6.32,120.3,3.79,24,643.17,19.77,179.27,18.23,15.58
4.01,0,6.98,0,0.48,5.65,64.42,3.91,5,372.39,19.14,340.49,11.03,23.82
0.1,0,8.78,0,0.59,5.47,44.4,5.72,5,369.41,18.28,344.52,18.15,12.44
-6.56,100,-5.79,0,0.38,7.26,23.69,8.54,7,299.98,17.75,521.11,-6.46,36.8
8.01,0,14.42,0,0.65,6.22,94.16,3,6,519.39,17.71,305.42,10.45,28.7
25.56,0,18.91,0,0.69,5.42,107.7,3.41,24,693.38,20.64,349.38,25.93,8.38
8.3,0,15.03,0,0.64,5.59,66.76,3.34,24,589.39,20.11,274.01,20.38,14.06
-7.82,20,11.08,0,0.53,6.38,68.51,3.51,4,499.1,17.24,349.47,8.17,29.67
10.7,0,19.93,0,0.79,6.98,71.52,3.24,24,613.98,17.86,214.06,16.81,23.86
-7.09,30,11.83,1,0.54,6.88,88,1.24,5,445.67,18.49,612.44,3.46,32.56
3.09,20,3.69,0,0.46,6.41,54.5,6.85,4,287.68,19.08,347.89,5.05,23.37
-12.88,80,1.6,0,0.44,6.66,45.41,4.63,3,211.53,15.97,531.94,8.56,36.68
19.83,0,9.36,0,0.56,6.46,66.12,2.37,24,468.42,18.81,318.31,12.35,25.69
4.72,30,4.12,0,0.4,6.57,16.49,5.83,5,476.89,21.27,455.25,12.75,20.49
5.47,0,11.61,0,0.59,6.44,35.18,6.91,8,568.92,19.78,355.63,19.4,10.62
-4.36,0,12.82,0,0.51,5.92,54.29,3.74,5,462.8,20.65,305.87,21.02,20.72
15.03,0,17.07,0,0.73,5.22,89.25,2.45,24,556.66,19.47,285.9,16.74,13.15
2.66,25,2.55,0,0.39,7.02,63.74,6.65,1,140.72,14.99,551,1.83,32.47
-6.29,40,6.41,0,0.5,6.41,61.89,4.93,4,270.77,15.62,426.84,5.19,31.18
-2.34,0,13.98,0,0.74,7.1,102.8,-0.01,4,317.78,11.52,352.7,17.39,34.52
7.71,0,13.17,0,0.62,5.92,71.06,5,5,423.79,13.55,241.58,16.19,14.32
6.64,0,19.23,0,0.78,5.46,114.8,1.15,5,623.76,21.43,322.24,26.81,6.12
3.16,0,23.91,0,0.62,6.57,94.2,2.06,7,663.54,22.79,330.85,11.89,18.17
2.02,0,8.33,0,0.58,6.02,60.47,2.91,2,144.68,16.12,246.97,16.51,9.07
7,0,13.97,0,0.59,6.49,85.28,0.53,4,455.81,19.75,369.21,17.15,16.93
14.32,0,13.92,0,0.6,6.28,80.82,3.49,8,437.14,23.72,364.34,18.65,11.12
8.52,0,7.16,0,0.52,6.42,39.96,6.05,7,429.51,18.25,372.16,2.32,29.93
4.05,0,6.91,0,0.51,6.35,68.53,3.07,5,295.79,17.87,371.96,13.29,22.17
-12.7,40,7.32,0,0.45,6.54,49.27,6.12,3,235.02,16.21,349.64,6.18,23.81
-2.04,0,7.88,0,0.51,5.17,52.51,5.02,4,325.69,17.99,354.89,19.31,9.98
3.43,0,8.47,0,0.51,6.71,81.85,4.64,3,186.73,18.47,389.75,12.55,29.73
-3.08,0,12.55,0,0.57,5.28,67.48,4.24,4,383.85,21.95,368.35,19.32,1.33
7.14,0,3.43,0,0.39,5.57,63.34,3.91,4,142.29,19.94,389.18,13.25,24.5
-0.65,80,5.74,0,0.4,7.08,62.05,5.31,6,383.38,21.49,450.14,2.12,19.8
14.08,0,4.1,0,0.45,5.67,48.71,4.48,5,232.37,17.19,376.75,9.28,22.62
1.49,0,6.67,0,0.54,6.33,86.38,2.98,6,337.31,19.65,320.65,10.48,27.32
2.97,0,10.94,0,0.66,6,49.94,3.59,5,456.9,16.96,375.91,11.39,23.83
24.62,0,29.99,0,0.83,6.31,93.37,-1.07,24,810.81,21.84,388.19,23.11,19.68
-2.44,0,11.33,0,0.58,6.25,60.8,6.05,4,376.65,17.7,203.33,15.04,21.95
-1.53,21,-5.32,0,0.4,6.27,58.86,6.52,3,258.61,20.21,484.3,13.4,23.45
-3.88,40,-2.93,0,0.32,6.29,60.37,5.44,1,42.01,18.88,465.99,12.76,27.74
8.14,0,10.38,0,0.56,4.87,93.82,2.74,4,359.77,16.66,436.95,26.18,19.03
5.77,0,2.78,0,0.58,6.92,75.48,5.17,5,208.89,17.78,239.83,5.29,24
6.84,0,15.5,0,0.55,6.08,69.85,3.4,4,247.12,19.29,552.84,11.98,23.89
-6.69,20,9.81,1,0.48,7.9,59.74,2.79,4,367.89,19.58,447.29,8.08,32.59
12.18,0,20.53,0,0.57,5.36,94.27,3.76,24,731.59,24.4,241.75,21.4,6.87
11.6,0,0.34,0,0.37,6.41,32.2,7.32,6,360.98,18.94,340.63,11.78,32.79
-3.82,52.5,1.69,0,0.45,5.72,53.91,6.16,4,207.88,17.64,366.8,8.33,12.97
1.25,20,3.6,0,0.45,6.69,83.74,5.33,4,147.96,18.49,398.18,7.06,18.34
-1.89,20,6.99,1,0.47,5.58,83.12,2.84,5,316.02,17.88,379.3,11.67,25.35
8.71,0,15.82,0,0.53,4.98,41.69,3.95,24,585.37,20.45,364.6,20.16,3.07
8.28,0,20.1,0,0.63,7.14,75.57,2.14,24,641.14,19.99,395.23,6.52,24.95
-3.4,45,2.05,0,0.4,7.62,34.63,9.17,3,340.08,17.99,534.85,4.62,43.01
23.43,0,15.73,0,0.74,5.65,136.17,-0.39,24,641.06,19.15,315.27,21.79,11.03
10.49,12.5,4.32,0,0.5,6.91,93.79,3.19,24,386.88,18.09,246.49,17.84,15.05
6.82,0,18.24,0,0.63,5.81,72.45,0.53,6,506.98,19.95,222.15,16.14,16.22
5.58,0,19.37,0,0.55,6.55,96.03,0.38,5,416.56,17.67,291.31,17.17,25.62
14.13,0,3.69,0,0.44,7.11,51.53,4.68,5,346.48,17.2,289.49,13.48,25.57
8.77,0,15.68,1,0.69,6.34,101.16,1.26,8,391.5,16.97,294.87,18.73,25.93
-14.87,45,10.16,1,0.42,6.46,61.37,4.04,4,394.76,19.73,501.87,9.09,30.22
9.98,0,9.38,0,0.59,5.65,56.01,4.09,4,451.56,19.62,426.62,12.07,8.64
27.24,0,15.18,0,0.69,4.76,88.16,3.85,24,556.19,23.68,261.93,23.26,0.2
-1.69,80,-4.15,0,0.41,7.35,71.54,3,4,125.22,15,337.87,-0.41,35.78
10.87,0,11.68,0,0.65,7.99,97.85,0.35,6,370.81,18.12,338.39,4.62,45.04
-14.84,60,8.82,0,0.52,5.2,50.4,5.79,4,383.61,16.43,598.74,12.9,25.63
-4.56,80,3.02,1,0.56,6.94,83.44,6.23,6,320.35,15.67,484.46,5.78,25.71
-1.19,28,5.17,0,0.46,6.49,73.08,5.59,4,344.73,17.22,410.47,8.13,22.44
0.67,0,21.02,0,0.71,6.66,70.33,3.8,8,656.09,20.48,269.18,12.11,17.9
-11.12,55,12.44,0,0.44,7.31,58.2,3.36,4,371.26,19.15,475.51,2.36,33.21
4.8,0,12.88,0,0.53,6.46,81.97,3.99,4,251.29,19.62,393.42,6.54,22.14
2.27,0,-1.81,1,0.45,7.99,56.52,1.87,3,61.91,15.62,371.98,-0.61,40.41
5.18,0,18.03,0,0.64,6.09,103.3,2.64,8,600.16,21.56,404.16,18.84,19.94
10.16,0,15.89,0,0.49,7.14,55.93,4.17,24,451.2,20.69,247.41,7.59,27.22
13.47,0,10,0,0.59,6.4,74.65,2.93,24,592.71,19.94,246.78,19.37,14.75
16.76,0,17.26,0,0.64,5.11,124.83,2.67,24,682.5,20.89,333.58,18.54,5.85
6.82,0,10.41,0,0.53,6.52,66.04,5.36,5,418.09,20.97,334.78,10.4,7.22
-0.57,20,8.51,0,0.57,6.47,66.62,3.34,4,288.41,17.3,466.77,7.02,25.46
8.67,0,17.04,0,0.6,6.65,80.04,0.98,24,649.1,18.65,334.7,15.21,22.26
6.66,0,18.13,0,0.58,5.87,57.86,2.67,5,516.01,17.95,305.48,11.76,25.47
6.29,0,14.64,0,0.62,6.64,118.72,3.45,24,489.58,17.62,309.54,19.82,20.54
4.82,0,11.79,0,0.62,5.53,78.31,4,5,460.56,17.05,336.3,18.56,10.03
12.2,0,6.92,0,0.54,5.54,61.94,5.21,24,469.7,18.6,358.16,17.71,10.9
-8.54,0,17.82,0,0.53,6.45,62.3,3.57,4,432.66,20.57,368.67,15.05,18.08
1.72,0,24.43,0,0.77,6.07,140.78,1.61,4,479.19,19.06,320.85,20.03,16.5
11.43,0,16.78,0,0.53,6.4,75.04,6.67,5,623.7,19.14,288.79,19.44,14.65
0.2,0,10.84,0,0.58,7.14,57.13,3.4,5,300.87,17.45,410.79,6.41,40.98
-5.81,40,-1.47,0,0.3,6.1,19.86,7.4,2,71.14,18.93,411.84,0.86,29.35
-13.86,80,-0.85,0,0.54,7.77,64.83,3.98,3,134.95,14.3,446.6,4.94,36.04
-5.24,20,8.96,0,0.51,6.12,7.4,5.45,4,331.84,16.98,392.7,6.13,26.51
0.96,0,9.51,0,0.63,6.78,87.77,2.78,4,292.93,18.06,373.06,13.79,21.11
2.88,0,8.09,0,0.6,6.29,71.93,4.05,7,620.19,19.13,405.67,14.95,24.05
4.06,0,14.89,0,0.71,6.29,92.92,1.13,8,635.99,19.21,255.13,18,7.54
-3.74,33,10.25,0,0.49,6.79,71.69,3.5,4,341.3,17.54,495.76,3.83,19.69
7.9,0,22.63,0,0.71,6.25,101.93,1.14,5,665.96,19.79,385.09,19.26,13.66
2.01,0,8.4,0,0.56,5.76,54.28,3.68,4,515.26,17.35,396.39,10.72,27.58
-11.39,95,-3.08,0,0.26,8.07,34.12,5.06,1,-108.6,12.55,554.45,-5.46,43.17
-0.12,12.5,3.87,0,0.38,6.01,38.31,3.94,4,207.97,17.15,258.65,2.64,31.91
16.32,0,24.17,0,0.73,6.42,148.46,-2.13,24,687.59,20.4,226.37,23.38,16.76
-12.68,20,8.77,1,0.55,5.32,44.37,5.52,4,166.46,16.82,465.75,10.74,25.52
-1.52,0,17.02,0,0.68,5.1,91.94,1.41,3,455.77,19.09,442.81,19.2,10.86
2.26,0,9.21,0,0.6,6.16,113.76,2.79,4,328.34,16.27,381.66,17.32,23.46
8.03,0,12.28,0,0.61,6.72,57.64,4.11,5,387.99,16.73,416.62,11.53,28.62
-3.28,28,8.72,0,0.46,6.5,37.68,6.25,4,231.09,14.67,322.71,13.35,21.51
1.81,0,9.64,0,0.58,6.43,66.1,3.82,5,405.77,22.19,284.62,14.68,20.15
0.79,82.5,0.92,0,0.28,6.91,41.12,5.55,4,164.02,14.84,406.67,-0.8,35.38
11.58,0,19.25,0,0.7,6.54,103.94,0.33,24,632.67,20.32,245.91,16.07,18.57
3.68,0,14.34,0,0.58,6.07,33.65,3.09,5,581.55,20.56,262.15,8.55,21.38
-4.56,35,11.64,0,0.55,7.51,60.99,2.95,4,464.07,17.75,430.24,4.51,26.9
1.19,0,5.92,0,0.32,6.96,10.32,6.46,3,26.03,21.24,418.9,-0.29,31.19
-6.53,35,5.33,0,0.46,7.22,40.48,5.05,6,394.69,17.93,209.61,16.95,29.1
10.91,0,11.95,0,0.46,6.6,41.6,5.75,3,192.48,17.19,340.63,9.82,31.39
5.4,0,11.77,0,0.52,6.64,76.35,2.51,5,327.14,21.03,380.86,12.76,25.02
1.16,0,13.66,0,0.63,5.96,43.14,4.57,4,259.93,18.01,318.18,13.29,36.49
7.66,0,18.67,0,0.57,4.66,110.3,3.53,8,504.87,20.09,266.69,23.54,1.82
15.82,0,14.58,0,0.63,7.52,66.95,6.91,24,603.09,18.17,338.33,7.31,24.86
3.05,0,25.61,1,0.83,6.1,133.26,-0.83,6,628.86,19.64,340.91,17.67,17.56
10.29,0,7.83,0,0.57,7.59,63.85,5.63,24,491.69,17.01,306.41,5.71,38.72
8.36,0,19.27,0,0.65,6.21,98.22,1.45,5,523.36,17.73,312.73,17.3,19.01
20.01,0,15.86,0,0.71,6.65,83.31,0.32,24,735.9,18.82,311.07,11.21,24.57
6.24,0,6.24,0,0.52,7.74,17.56,4.81,4,345.19,15.92,480.94,-6.01,40.6
5.61,0,15.04,0,0.61,6.58,88.89,2.23,7,531.83,20.63,320.31,14.99,18.25
10.42,0,15.86,0,0.65,6.83,104.25,0.79,24,419.61,17.08,251.71,16.57,16.21
6.07,0,2.03,0,0.48,6.86,47.52,6.09,5,369.04,22.08,382.89,10.29,18.98
2.42,0,6.16,1,0.51,6.73,31.63,5.61,7,396.11,15.23,295.28,13.28,36.57
3.84,30,0.75,0,0.46,7.44,48.67,5.49,24,505.01,19.3,314.1,1.19,34.4
-2.03,0,16.49,0,0.62,5.64,56.96,3.26,3,402.53,17.75,468.93,14.19,15.6
7.06,0,14.12,0,0.55,6.25,61.85,2.58,5,452.33,17.74,367.69,17.74,21.37
1.21,0,15.36,0,0.55,6.47,69.39,4.57,4,436.85,15.37,248.63,14.96,26.81
12.06,0,15.88,0,0.66,5.88,102.4,2.38,24,578.38,19.99,242.75,22.56,18.23
11.31,0,13.7,0,0.58,6.97,66.26,3.29,24,425.46,17.68,105.95,18.08,19.09
0.41,0,6.71,0,0.4,6.22,51.03,5.14,6,341.96,23.89,349.55,12.03,21.95
-14.45,0,21.51,0,0.62,5.44,114.44,4.56,1,374.72,19.24,419.23,22.65,10.73
19.82,0,16.69,0,0.71,7.01,104.27,0.95,24,607.72,16.46,322.37,15.08,31.88
10,0,18.49,0,0.71,4.86,111.67,2.48,6,508.38,19.8,254.03,21.83,7.74
18.09,0,21.97,0,0.68,6.1,118.72,0.52,24,598.45,19.79,336.69,24,15.72
2.81,0,12.24,0,0.76,6.4,80.63,2.62,24,567.02,16.37,371.35,14.15,21.84
4.41,33,1.66,0,0.49,7.08,58.38,4.47,7,468.92,19.58,237.18,12.98,19.58
-6.92,95,-9.99,0,0.3,7.32,-19.82,7.48,4,141.23,16.48,437.22,-4,41.55
1.48,0,10.58,0,0.63,6.79,90.58,4.5,3,387.76,13.52,294.39,11.36,34.39
11.58,0,11.04,0,0.51,6.5,68.17,4.12,5,235.34,16.19,435.91,13.15,31.74
14.63,0,14.45,0,0.47,6.3,40.76,6.51,24,563.19,16.21,309.32,17.95,21.55
-7.28,25,1.57,0,0.5,7.06,53.04,4.32,4,121.15,15.46,333.77,2.31,39.1
-0.67,0,4.4,0,0.57,6.73,86.92,1.65,4,428.01,17.81,323.52,10.27,26.47
-5.39,0,17.05,1,0.53,5.21,108.02,2.21,2,339.03,17.35,421.99,19.73,16.67
5.77,0,19.04,0,0.63,6.4,100.45,0.3,24,621.13,20.25,207.49,10.43,20.13
13.65,0,6.31,0,0.39,5.29,48.19,6.57,5,367.62,22.64,288.84,14.48,10.62
7.09,0,18.3,0,0.68,6.26,72.7,3.04,24,467.9,19.46,198.25,5.99,26
1.98,0,17.84,0,0.68,6.93,83.24,1.2,4,448.65,18.67,399.28,13.75,27.27
-15.94,20,9.7,0,0.54,6.31,25.45,5.08,2,296.82,18.28,327.18,5.76,25.17
7.09,0,14.49,0,0.72,6.06,77.24,3.41,4,360.8,16.65,360.44,23.93,16.17
4.41,20,12.8,0,0.57,5.73,57.87,5.63,24,511.39,15.59,299.66,19.83,8.57
2.11,0,10.25,0,0.51,5.45,92.61,5.07,2,352.81,18.9,362.8,14.89,19.27
6.71,0,16.79,0,0.57,5.35,76.47,3.33,5,492.18,20.31,234.23,19.73,12.88
6.79,0,8.04,0,0.56,7.32,67.66,2.13,8,328.58,17.17,348.9,2.67,28.62
1.24,0,11.89,0,0.47,6.48,63.88,3.08,4,449.29,20.06,299,14.41,23.39
-2.84,21,5.8,0,0.38,6.43,52.5,5.04,1,300.78,20.75,346.23,17.55,9.41
-1.14,0,12.83,0,0.52,6.69,74.58,4.5,4,390.21,22.96,475.98,8.39,23.3
7.07,0,17.4,0,0.66,5.75,71.61,3.75,8,495.33,18.84,315.62,16.77,8.14
-0.13,12.5,5.91,0,0.48,7.19,34.97,3.96,5,304.25,21.06,484.04,7.32,34.54
-12.61,12.5,9.91,0,0.59,6.88,52.74,2.18,5,304.96,16.73,265.64,11.18,29.9
-8.13,0,13.58,1,0.55,7.62,48.32,4.29,3,220.84,17.11,462.79,3.93,47.8
2.01,0,14.98,1,0.66,6.05,90.13,3.11,5,436.53,17.06,392.75,19.62,15.9
0.02,0,7.07,0,0.56,6.03,96.63,1.41,4,295.34,20.23,391.88,15.39,20.08
-2.93,0,14.31,0,0.46,6.27,39.23,4.94,2,156.23,20.59,559.51,0.96,23.54
5.72,0,14.66,0,0.78,6.46,74.97,2.97,24,604.59,17.28,331.08,15.3,16.42
-6.35,21,9.25,0,0.4,6.6,28.3,6.92,1,293.34,17.73,428.01,7.88,32.52
13.41,0,19.2,0,0.5,4.34,34.78,6.18,24,489.89,22.65,288.36,12.2,0.68
16.92,0,22.55,0,0.9,6.91,113.29,1.13,24,667.87,14.91,375.13,20.75,21.61
-21.34,95,-2.44,0,0.23,7.48,12.23,7.98,1,141.09,16.38,374.03,3.47,35.28
-5.08,80,-1.65,0,0.39,7.35,43.55,5.85,5,263.6,19.45,350.16,-2.7,33.19
11.12,0,8.31,0,0.54,7.25,35.87,3.28,6,452.62,15.94,324.47,6.91,33.32
7.31,0,15.2,0,0.62,6.52,64.26,3.3,7,653.69,20.56,183.02,11.2,21.42
6.99,0,19.31,0,0.62,5.21,74.26,2.65,7,468.38,20.32,303.62,13.4,8.63
-1.43,0,11.81,0,0.46,6.31,56.36,4.47,2,359.83,18.98,534.59,6.56,32.14
16.4,0,15.19,0,0.64,6.88,84.44,3.46,24,498.49,17.53,323.03,10.19,34.47
17.28,0,19.53,0,0.57,4.96,76.02,5.96,6,537,21.38,375.41,27.74,7.64
-2.33,0,15.9,0,0.58,6.04,117.23,1.99,6,376.3,18.76,340.15,13.19,20.88
2.88,0,15.63,0,0.63,5.19,97.71,2.69,4,467.24,18.87,476.58,14.4,13.82
-0.39,25,2.33,0,0.57,6.09,56.46,4.94,5,313.54,18.55,393.31,10.69,24.11
8.87,0,13.27,0,0.76,6.82,103.59,1.77,24,534.58,18.74,427.4,10.52,24.83
8.1,0,12.88,0,0.56,6.29,91.71,1.55,4,419.09,17.47,426.47,9.07,26.55
6.38,0,23.22,0,0.68,7.18,67.24,2.9,24,685.23,18.87,124.69,7.61,29.24
13.51,0,19.24,0,0.64,5.57,72.94,2.36,5,506.47,17.66,242.45,12.66,12.74
-0.61,25,4.34,0,0.49,5.93,52.48,5.51,5,229.28,15.33,427.83,23.77,24.29
6.84,0,8.98,0,0.45,6.69,39.05,5.2,24,342.99,19.26,480.15,1.48,37.35
-5.92,20,8.25,0,0.4,6.37,72.52,2.5,2,332.35,20.32,479.14,8.97,31.77
8.84,0,8.83,0,0.62,6.26,126.44,2.8,8,441.8,18.68,341.99,24.39,16.83
-13.12,22,9.27,0,0.49,6.57,60.13,4.94,2,372.16,22.89,449.9,0.76,16.23
17.44,0,23.77,0,0.71,4.68,85.58,3.76,24,705.8,21.21,213.63,28.3,1.2
3,0,24.49,0,0.83,6.72,77.12,1.48,5,684.92,17.82,433.36,11.73,25.91
-4.21,20,10.49,0,0.53,7.84,46.62,3.74,3,331.16,16.55,329.14,1.56,34.21
12.29,0,11.86,0,0.43,5.31,57.45,4.58,4,307.31,19,307.91,13.32,23.3
-0.27,0,22.38,0,0.49,6.45,59.83,5.87,4,425.81,18.6,409.6,7.83,26.7
6.08,0,8.33,0,0.54,6.39,50.66,3.37,24,372.16,19.15,242.34,6.13,23.41
-0.23,22,1.69,0,0.52,8.29,44.69,4.22,5,191,16.43,437.99,-3.08,50.62
-2.02,60,2.71,0,0.63,7.13,81.68,4.47,7,453.73,13.49,192.76,9.29,26.05
5.23,0,5.83,0,0.43,5.93,38.68,6.64,3,138.93,19.82,371.98,12.92,23.39
7.06,0,13.92,0,0.58,6.99,56.05,3.43,4,495.92,18.33,290.52,3.36,28.01
14.17,0,4.71,0,0.48,5.41,66.12,7.45,24,367.02,19.2,328.94,22.3,14.41
-17.56,70,11.63,0,0.55,7.19,88.74,4.1,4,448.75,18.45,360.21,6.17,22.62
6.7,0,22.89,0,0.58,6.19,85.02,3.02,5,324.2,20.32,413.15,12.95,14.26
17.2,0,17.56,0,0.54,6.35,86.4,2.63,24,516.27,19.85,236.01,16.32,16.59
17.07,0,19.63,0,0.66,6.21,86.73,1.5,24,704.48,18.99,229.79,23.37,19.21
-1.73,0,10.12,0,0.56,5.37,79.94,4.44,3,304.89,18.5,368.2,17.37,16.18
2.74,12.5,7.33,0,0.54,5.62,73.72,3.92,24,563.83,18.33,326.68,17.6,12.29
10.39,0,19.63,0,0.64,6.49,39.71,4.13,5,681.28,20.8,384.68,17.42,17.95
-7.59,0,8.91,0,0.61,6.92,60.61,4.39,5,464.04,16.81,274.02,17.42,31.04
-8.44,25,5.66,0,0.53,5.19,65.24,5.65,4,218.23,16.4,437.08,13,19.42
14.25,0,16.48,0,0.67,5.24,126.24,1.13,24,476.71,20.86,262.73,19.28,10.35
12.07,0,23.07,0,0.8,5.72,101.15,-1.17,24,753.84,19.39,273.59,23.5,13.16
11.54,0,14.5,0,0.67,6.61,81.12,1.56,5,425.24,16.21,316.66,11.88,24.25
3.2,0,14.59,0,0.61,4.14,55.5,3.98,4,341.59,16.14,442.14,15.19,13.38
-10.61,90,-1.42,0,0.31,6.81,20.49,6.43,5,213.49,18.91,488.17,-3.94,38.59
2.43,12.5,4.44,0,0.46,6.63,63.33,3.43,8,478.1,20.47,212.96,10.15,17.33
-10.59,33,1.63,0,0.4,5.38,5.57,7.51,1,156.79,17.06,450.97,5.89,26.99
7.05,0,17.14,0,0.58,5.01,110.34,3.3,4,560.51,20.36,283.4,21.57,6.23
-13.38,80,3.55,0,0.43,6.07,43.9,7.77,4,150.86,16.12,356.17,10.9,17.52
15.64,0,20.11,0,0.63,6.23,97.22,2.38,24,758.11,24.29,286.39,7.95,17.08
1.65,0,4.15,0,0.59,5.58,67.62,4.28,5,271.5,18.39,186.06,13.34,13.26
5.42,33,2.54,1,0.4,7,80.48,8.23,5,212.23,17.33,492.63,15.86,22.9
-3.29,0,23.12,1,0.81,5.95,103.34,0.25,6,578.61,20.41,327.03,13.16,15.84
1.14,34,5.36,0,0.4,6.6,62.08,6.07,5,263.64,17.34,407.22,18.45,18.27
-7.15,0,19.31,1,0.74,5.48,105.88,2.66,5,299.85,15.67,355.87,21.03,17.56
5.78,0,16.79,0,0.48,6.14,67.61,3.19,5,519.09,21.48,370.48,17.4,13.74
13.11,0,6.12,0,0.52,5.95,65.55,3.38,6,418.96,17.17,360.16,22.42,24.07
21.14,0,14.48,0,0.6,6.58,82.31,0.89,24,506.6,21.36,106.62,16.63,12.76
4.83,0,9.11,0,0.53,7.39,84.14,2.04,5,311.15,16.22,380.35,7.04,39.63
2.37,0,25.19,0,0.78,6.59,134.02,-1.12,5,565.12,16.94,453.71,21.32,21.68
16.36,0,17.36,1,0.7,6.62,87.83,1.48,24,650.14,17.75,199.31,22.75,18.74
-4.31,75,4.99,0,0.59,6.35,62.28,3.62,24,355.41,19.09,560.25,6.99,25.37
5.3,0,3.44,1,0.59,5.85,92.14,4.13,24,367.89,20.29,431.98,18.12,25.02
13.79,0,22.8,0,0.84,5.67,137.84,0.37,24,758.58,18.33,388.26,29.82,6.9
1.41,80,4.84,0,0.36,6.56,62.08,5.5,4,225.58,15.98,573.7,10.13,26.4
-7.39,0,10.37,0,0.57,6.4,45.66,3.39,3,330.57,13.19,370.05,21.95,31.63
-2.6,0,22.97,1,0.78,6.47,102.91,-0.88,24,645.23,18.27,361.96,11.79,28.54
-5.69,40,5.98,0,0.5,6.7,83.39,5.43,4,350.76,15.69,378.9,14.14,23.02
6.92,0,16.68,0,0.63,5.31,124.82,0.59,5,461.52,22.37,470.53,19.19,12.82
9.25,22,1.67,0,0.35,6.76,54.87,5.73,4,141.35,16.29,444.6,14.58,27.65
9.17,0,6.95,0,0.56,6.98,84.74,3.78,5,286.13,18.46,356.89,3.66,34.34
12.43,0,25.17,0,0.72,5.34,108.2,0.86,5,496.58,21.19,194.64,25.59,-3.47
8.23,0,16.45,0,0.59,5.95,76.9,3.98,24,610.8,18.05,380.32,10.49,22.31
-3.84,0,13.3,1,0.62,5.95,87.6,2.12,5,437.35,17.79,404.44,17.99,15.31
2.9,0,20.91,0,0.58,7,100.53,1.66,5,583.25,15.15,185.89,9.14,33.27
8.8,0,11.25,1,0.55,5.85,79.98,3.03,24,343.87,15.71,271.11,9.44,30.14
2.37,0,15.59,0,0.5,6.42,38.48,2.14,5,488.74,18.65,375.24,14.08,20.39
-6.52,55,9.06,0,0.48,7.02,40.02,6.07,4,441.69,15.39,383.75,8.06,20.94
9.98,0,13.91,0,0.68,6.47,128.16,2.56,4,535.46,20.48,221.33,23.01,6.89
-4.95,0,16,0,0.61,6.79,67.34,3.05,3,422.34,15.4,284.09,12.53,17.13
-3.78,0,23.45,0,0.77,5.6,109.72,1.04,8,759.44,20.3,299.46,25.41,16.47
9.79,0,14.86,0,0.59,6.42,43.53,4.72,5,420.29,19.95,386.4,7.62,28.71
6.89,0,12.99,0,0.56,6.1,67.66,3.72,3,322.57,16.07,389.17,23.85,23.61
-3.87,0,9.78,0,0.63,5.49,77.2,3.71,4,208.65,18.49,365.69,14.48,21.67
12.09,0,17.05,0,0.52,6.23,77.75,2.32,6,462.73,17.61,207.25,20.1,13.3
15.14,0,17.73,0,0.53,5.83,57.5,3,8,550.58,19.35,309.61,15.86,18.19
3.59,55,-1.9,0,0.42,5.86,33.89,4.94,4,273.34,16.56,530.98,7.13,24.99
15.32,0,11.39,1,0.59,7.17,95.57,2.86,24,486.59,15.71,345.49,16.4,30.94
10.08,0,13.43,0,0.67,5.36,112.56,2.72,24,585.75,21.07,319.71,16.56,15.73
5.03,0,14.11,1,0.69,5.91,89.75,2.51,7,532.77,18.22,447.81,8.49,30.55
0.38,0,6.71,0,0.69,6.12,79.58,1.49,4,259.53,16.36,413.79,13.59,23.96
0.23,40,1.55,0,0.41,6.73,57.49,5.05,5,320.08,16.69,344.3,3.43,35.39
-10.14,30,6.97,0,0.53,6.7,21.34,3.82,5,288.95,14.83,211.34,5.7,31.58
6.48,0,15.22,0,0.5,6.5,41.02,4.29,24,558.45,19.3,389.73,3.67,30.65
4.69,12.5,12.56,0,0.54,5.32,78.72,3.6,8,532.7,17.23,351.02,29.97,3.58
1.48,45,1.56,0,0.45,6.97,72.58,2.86,5,242,17.51,516.63,5.22,32.85
7.04,0,13.02,0,0.58,5.86,80.17,3.99,5,555.03,18.97,400.37,15.15,22.02
10.18,0,22.61,0,0.73,5.53,86.32,2.29,24,635.97,18.53,318.37,16.34,15.17
9.35,21,5.07,0,0.43,7.42,41.14,6.22,5,327.71,18.48,392.56,4.91,35.16
4.12,17.5,9.16,0,0.44,6.49,32.63,6.49,4,446.54,17.6,281,6.15,24.21
10.54,0,13.37,0,0.64,6.1,81.91,4.51,24,465.32,20.72,338.53,14.54,11.93
-13.83,0,20.96,0,0.68,5.6,75.3,3.84,4,393.48,18.45,462.48,12.89,15.11
9.24,0,17.97,0,0.48,5.42,69.03,3.89,5,426.54,21.71,422.36,10.15,10.42
-1.03,0,12.87,0,0.71,6.51,91.53,0.91,5,471.97,17.99,309.22,15.92,19.28
2.43,0,28.24,0,0.81,5.46,126.43,-0.19,24,793.25,21.89,347.29,26.88,6.07
0.46,0,12.88,0,0.77,6.8,82.54,2.06,24,579.08,14.75,128.58,14.49,21.18
10.64,0,16.72,0,0.64,6.79,47.86,2.61,5,468.91,14.97,305.24,9.9,23.97
-3.67,22,4.52,1,0.53,6.71,54.19,6.55,5,294.83,17.19,373.84,6.91,24.77
13.12,0,12.85,0,0.57,5.82,74.96,2.32,6,415.28,19.02,400.27,15.71,24.01
-6.21,0,12,0,0.51,6.02,58.06,3.61,1,164.96,17.48,673.58,8.32,34.32
-0.6,12.5,3.45,0,0.41,6.1,41.82,4.48,4,370.96,19.2,240.56,12.09,19.89
11.29,0,10.94,0,0.62,6.5,68.34,3.18,24,385.64,18.6,232.61,13.05,26.62
-8.63,80,4.11,1,0.34,6.71,20.87,6.54,1,116.18,16.47,608.74,8.24,29.89
1.87,0,16.55,0,0.62,6.41,99.11,-0.16,6,502.57,19.89,368.92,6.77,33.44
3.2,0,13.52,0,0.49,6.33,63.15,4.08,4,428.04,21.19,348,15.04,20.64
8.93,0,16.75,0,0.76,6.4,107.99,1.3,5,320.73,17.6,284.15,17.48,26.72
10.78,0,16.97,0,0.64,6.76,84.95,2.42,4,408.45,16.42,405.39,8.37,27.9
3.79,25,6.59,0,0.49,6.26,14.01,6.34,5,398.45,18.22,347.88,7.09,19.68
19.9,0,20.5,0,0.63,7.17,65.54,2.5,24,619.98,17,166.51,15.32,16.17
32.12,0,14.9,0,0.63,6.57,69.87,4.41,24,655.97,18.21,271.08,16.69,17.25
-12.17,82.5,-2.54,0,0.34,7.52,-7.34,8.44,1,44.72,15.06,514.92,-4.51,40.77
-0.04,34,5.07,0,0.31,7.01,44.11,7.96,4,27.19,16.24,357.55,2.74,33.84
7.23,0,11.84,0,0.42,6.9,54.41,4.69,4,446.86,19.67,258.94,9.67,28.1
-3.75,0,22.36,0,0.74,7.08,108.1,2.64,6,612.33,18.4,289.77,12.21,21.47
-0.14,0,13.19,0,0.53,5.71,31.34,4,4,333.04,18.48,388.85,7.28,14.37
10.86,0,7.62,0,0.5,6.59,74.4,5.11,5,510.72,23.71,281.36,9.08,10.6
5.25,0,7.7,0,0.51,6.15,57.8,3.84,4,215.35,16.17,304.59,11.72,24.4
15.6,0,22.56,0,0.62,6.2,117.87,-0.38,24,746.57,21.96,258.07,22.91,12.61
13.51,0,19.96,0,0.64,5.63,89.35,1.64,24,639.62,21.02,418.43,13.31,24.46
-3.91,0,-0.72,0,0.63,6.16,113.77,2.31,3,173.75,17.31,364.88,22.33,24.98
-1.15,80,0.42,0,0.31,7.29,8.86,7.11,1,157.97,15,460.07,-3.24,39.5
7.08,20,8.33,0,0.59,6.34,66.6,4.44,24,545.46,15.81,268.98,9.02,26.81
-4.17,0,11.56,1,0.53,7.38,74.67,2.52,5,392.79,17.48,453.12,5.04,44.55
1.06,0,10.21,0,0.5,7,81.91,4.26,4,259.66,18.95,401.58,6.23,32.88
9.95,0,17.84,0,0.65,4.81,103.21,4.01,5,533.75,21.39,313.72,19.3,-5.77
-10.06,90,-6.65,0,0.32,7.6,0.98,9.9,2,252.4,17.79,427.11,-1.01,37.85
12.42,0,11.32,0,0.54,6.29,61.48,5.31,8,677.79,20.37,234.5,17.31,3.52
-3.8,20,12.23,0,0.6,6.48,74.38,1.79,5,444.38,17.52,472.11,19,21.49
9.33,0,17.03,0,0.57,6.11,96.97,2.08,4,488.09,19.92,365.59,24.72,11.09
-8.15,0,12.46,0,0.65,6.65,91.55,4.42,4,472.01,17.22,335.61,11.58,32.59
-8.22,0,8.86,0,0.53,6.31,37.29,5.49,4,356.93,20.05,326.96,7.71,19.85
9.39,0,11.67,0,0.61,5.94,63.88,3.6,24,712.71,21.09,243.89,13.29,19.08
12.95,0,19.79,0,0.64,7.03,115.26,1.37,24,481.86,19.44,320.9,15.43,20.25
-1.02,85,0.69,0,0.31,7.5,33.86,6.28,24,263.56,19.79,267.55,0.56,29.62
15.97,0,13.2,0,0.53,5.92,45.11,3.54,8,570.36,18.8,328.15,11.25,17.25
19.95,0,22.24,0,0.68,6.67,89.42,-0.04,24,638.89,19.35,272.2,14.1,28.62
-11.57,0,6.1,0,0.55,5.92,96.92,3.99,2,162.05,16.94,419.43,15.18,24.78
2.77,22,3.16,0,0.43,5.92,47.35,5.7,4,191.08,17.8,455.82,13.8,24.04
18.78,0,17.01,0,0.62,6.43,29.4,4.42,24,667.96,19.63,445.89,13.94,25.87
-8.05,35,1.13,0,0.43,7.04,17.38,7.45,5,400.29,17.62,283.28,-1.18,41.98
6.13,0,15.2,0,0.58,6.34,83.59,3.05,5,337.44,21.71,289.76,15.86,22.24
-0.4,22,10.57,0,0.55,7.4,70.59,3.17,24,456.46,17.28,421.5,18.02,32.31
0.64,0,12.48,0,0.6,6.62,68.93,1.59,5,389.31,15.62,321.72,5.46,28.96
8.63,0,12.79,0,0.61,4.96,65.12,3.48,4,384.69,18.7,181.63,13.92,18.37
-6.61,0,7.74,0,0.53,5.68,69.69,6.33,4,262.7,18.16,384.75,15.67,25.83
5.86,0,13.66,0,0.56,7.32,99.26,1.83,6,418.83,18.51,409.86,8.93,29.94
0.29,45,9.5,0,0.42,5.39,61.28,7.86,24,581.89,22.23,416.23,11.17,18.65
8.48,0,13.09,0,0.54,6.39,52.31,1.18,5,466.71,19.38,314.4,10.39,19.74
4.9,0,1.72,0,0.37,6.8,19.62,5.13,2,271.42,17.15,258.46,12.83,31.14
18.73,0,18.15,0,0.63,7.06,79.39,3.21,24,707.75,20.78,134.37,14.87,18.25
-10.8,85,-2.95,0,0.32,7.79,-19.54,8.68,1,162.51,15.03,466.21,-7.39,45.46
-9.04,20,9.27,0,0.51,6.16,59.85,6.13,3,184.27,13.87,319.37,12.17,24.98
-2.54,22,9.2,0,0.42,6,43.73,4.37,5,308.58,17.6,320.04,14.68,20.39
27.4,0,23.21,0,0.65,6.34,71.13,2.33,24,735,23.69,304.46,24.71,5.87
7.65,0,21.34,0,0.7,5.59,107.72,1.56,24,689.34,17.25,265.08,19.68,20.77
2.25,0,15.83,0,0.46,6.52,58.38,3.87,8,476.96,21.57,367.98,12.56,18.89
13.63,0,6.71,0,0.52,6.73,74.88,4.62,24,441.12,19.78,365.51,10.52,31.18
1.75,0,16.2,0,0.6,6.02,86.41,1.81,5,601.85,20.97,362.52,14.48,23.48
14.01,0,7.21,0,0.54,6.84,31.2,7.07,8,312.43,18.11,270.31,8.74,25.65
7.25,75,0.4,0,0.36,7.99,-7.56,8,4,273.19,18.04,510.24,1.23,35.47
0.49,20,4.61,0,0.44,6.74,48.27,7.29,3,192.52,15.58,306.32,11.24,24.26
8.19,0,16.89,0,0.55,6.24,99.02,2.89,5,642.62,19.79,387.63,15.67,9.83
-0.01,0,0.88,0,0.48,6.28,27.48,5.63,2,176.17,13.48,361.62,10.4,34.05
-4.64,0,9.18,1,0.45,8.08,23.99,2.93,2,194.6,17.9,405.43,1.43,47.01
-4.83,0,13.83,0,0.52,5.93,58.95,4.21,3,407.35,19.36,254.33,9.2,15.9
11.46,0,8.01,0,0.38,7.06,58.61,3.92,6,316.02,20.31,282.34,10.73,24.17
-0.05,0,9.79,0,0.51,7.15,79.47,3.66,4,347.79,19.77,353.22,9.74,21.58
1.32,0,14.37,0,0.49,5.31,69.17,3.85,5,409.8,20.52,461.2,20.14,19.01
-5.73,0,8.57,0,0.52,7.01,48.03,4.97,3,146.85,17.21,393.21,2.4,39.82
12.07,0,3.75,0,0.51,7.56,38.3,5.35,5,399.82,20.41,507.17,6.7,25.9
19.25,0,18.18,0,0.73,5.8,102.15,1.44,24,579.23,17.66,254.02,13.21,15.94
-1.85,0,19.48,0,0.54,6.04,115.17,2.1,4,405.28,19.8,144.03,20.5,20.16
18.26,0,12.93,0,0.47,6.17,58.76,3.22,24,502.96,20.87,414.4,11.87,24.03
11.43,0,14.17,0,0.62,6.49,89.4,1.14,24,391.83,20.44,425.63,14.41,11.39
-7.17,45,4.72,0,0.38,6.12,50.7,4.88,2,320.17,16.29,396.43,12.34,27.83
6.53,0,17.23,0,0.78,5.36,80.64,2.85,5,479.84,19.53,140.33,27.46,5.2
6.72,0,4.06,0,0.46,7.18,18.84,7.07,5,277.03,17.12,240.83,9.16,24.75
19.51,0,9.72,0,0.49,5.79,67.31,5.41,24,516.5,21.74,248.77,14.52,15.85
15.28,0,14.25,0,0.61,6,74.56,2.32,7,503.69,21.36,272.25,15.64,17.34
10.77,0,12.2,0,0.66,5.94,110.11,2.77,5,510.96,20,288.15,23.24,14.25
4.89,0,19.71,0,0.71,6.09,79.26,-0.82,4,449.57,21.5,430.64,9.43,15.58
5.77,20,1.26,0,0.51,5.88,54.7,5.72,5,295.17,18.9,365.47,13.97,11.91
8.88,0,13.41,1,0.57,6.61,127.01,3.21,24,298.68,18.94,338.23,16.33,29.55
11.36,0,10.05,0,0.52,7.01,52.09,3.27,5,285.82,18.35,326.3,10.34,27.52
-3.55,0,15.11,0,0.64,6.07,49.35,5.25,3,478.97,16.04,292.5,8.87,18.98
14.15,0,10.75,0,0.47,5.84,72.6,4.96,24,667.78,21.71,343.82,11.27,12.66
1.95,0,13.62,0,0.51,5.89,69.45,4.75,3,346.16,18.26,169.17,16.13,11.15
-4.48,0,16.83,0,0.61,5.07,90.67,5.39,4,437.3,20.53,208.47,28.29,7.88
-4.92,25,7.86,0,0.52,7.15,55.18,5.39,3,360.36,17.78,528.19,2.41,29.76
20.09,0,15.51,0,0.64,5.55,130.39,1.53,24,706.33,20.34,359.7,22.32,14.56
12.09,0,5.35,0,0.59,6.55,59.31,5.57,4,239.18,18.28,278.22,11.36,24.35
-0.16,52.5,6.14,0,0.43,7.07,17.91,7.06,4,263.78,18.89,426.55,1.86,26.06
17.29,0,9.26,0,0.45,6.57,71.35,4.62,24,573.54,20.42,321.53,19.3,11.1
-7.77,80,-4.27,0,0.19,7.29,10.85,6.56,2,60.81,20.53,362.95,-0.78,35.75